step,fish,sharks
1,10601,11994
2,9222,11871
3,8159,11866
4,7390,11830
5,6580,11815
6,5993,11871
7,5501,11879
8,5022,11814
9,4535,11805
10,4303,9666
11,7730,5636
12,7695,5677
13,7427,5643
14,7146,5646
15,6833,5613
16,6539,5650
17,6298,5642
18,6043,5606
19,5867,5636
20,5603,5567
21,10100,5668
22,10067,5692
23,9915,5612
24,9548,5648
25,9408,4942
26,9093,3462
27,8927,3467
28,8590,3493
29,8388,3474
30,8409,3455
31,14699,3493
32,15018,3517
33,15032,3505
34,14719,3515
35,14467,3596
36,14124,3579
37,13822,3555
38,13506,3616
39,13206,3631
40,13266,3355
41,23186,2972
42,23673,2945
43,23550,2925
44,23147,2988
45,22774,3007
46,22257,3042
47,21765,3088
48,21309,3166
49,20710,3216
50,21186,3147
51,35359,3398
52,36197,3446
53,36204,3535
54,35289,3576
55,34815,3652
56,33731,3619
57,33133,3664
58,32396,3739
59,31544,3754
60,32504,3759
61,50790,4155
62,51893,4188
63,51593,4409
64,50682,4627
65,49617,4766
66,48164,4991
67,46897,5177
68,45066,5374
69,43791,5578
70,44505,5584
71,64651,6194
72,65979,6408
73,65565,6745
74,63528,7224
75,61950,7536
76,59325,7882
77,57293,8315
78,54527,8650
79,52138,9052
80,52557,9052
81,70269,10052
82,71156,10570
83,69549,11168
84,66709,11740
85,64026,12265
86,60203,12765
87,56884,13406
88,52945,13995
89,49409,14525
90,48147,14666
91,59710,15703
92,59528,16272
93,57222,16962
94,53586,17785
95,50129,18293
96,45871,18993
97,42135,19593
98,38223,20028
99,34540,20511
100,31987,20624
101,37416,21635
102,36304,21792
103,34016,22324
104,30882,22539
105,28002,22911
106,24629,23163
107,21703,23435
108,18718,23610
109,16354,23658
110,14330,23426
111,16289,23817
112,15347,23763
113,13900,23809
114,11978,23747
115,10398,23606
116,8699,23361
117,7545,23252
118,6378,23030
119,5405,22813
120,4545,22507
121,5523,22376
122,5227,22017
123,4683,21609
124,4043,21262
125,3583,20954
126,3091,20580
127,2636,20245
128,2248,19889
129,1974,19502
130,1733,19177
131,2371,18918
132,2308,18460
133,2107,18336
134,1878,17914
135,1658,17543
136,1466,17059
137,1286,16737
138,1143,16373
139,1032,16099
140,908,15797
141,1376,15543
142,1308,15226
143,1243,14799
144,1170,14426
145,1033,14150
146,935,13735
147,835,13424
148,772,13124
149,734,12912
150,669,12482
151,1052,12179
152,1040,11862
153,990,11572
154,927,11196
155,876,11048
156,821,10699
157,732,10302
158,707,10171
159,644,9761
160,629,9487
161,996,9195
162,992,9039
163,979,8708
164,915,8388
165,838,8071
166,800,7848
167,775,7575
168,692,7259
169,715,6938
170,676,6726
171,1100,6540
172,1149,6251
173,1125,6085
174,1088,5787
175,1056,5481
176,1033,5306
177,1003,5089
178,965,4842
179,928,4633
180,877,4367
181,1478,4205
182,1543,3972
183,1556,3795
184,1547,3612
185,1488,3416
186,1457,3283
187,1363,3040
188,1331,2899
189,1316,2775
190,1304,2586
191,2134,2478
192,2217,2286
193,2298,2156
194,2285,2060
195,2234,1876
196,2186,1826
197,2136,1704
198,2073,1620
199,2024,1535
200,2026,1454
201,3343,1409
202,3445,1301
203,3566,1252
204,3477,1178
205,3420,1161
206,3367,1102
207,3275,1039
208,3222,1028
209,3125,967
210,3228,925
211,5084,915
212,5324,893
213,5468,891
214,5368,867
215,5281,859
216,5160,831
217,5044,823
218,4967,785
219,4892,783
220,4961,773
221,7742,799
222,8127,795
223,8284,797
224,8231,785
225,8117,815
226,7937,829
227,7884,857
228,7611,827
229,7539,861
230,7715,841
231,11732,906
232,12292,922
233,12616,915
234,12511,974
235,12356,1032
236,12166,1030
237,11990,1054
238,11737,1090
239,11459,1103
240,11664,1110
241,17226,1185
242,17980,1259
243,18384,1309
244,18237,1359
245,18090,1399
246,17768,1467
247,17608,1497
248,17123,1600
249,16837,1616
250,17155,1611
251,23995,1772
252,25342,1851
253,25826,1937
254,25644,2012
255,25494,2098
256,25044,2231
257,24605,2306
258,23962,2356
259,23515,2470
260,23904,2474
261,31768,2647
262,33134,2823
263,33883,2954
264,33611,3137
265,33226,3225
266,32470,3446
267,31901,3554
268,31185,3713
269,30421,3860
270,30515,3959
271,38513,4166
272,40039,4414
273,40555,4614
274,40131,4864
275,39528,5009
276,38381,5319
277,37656,5432
278,36390,5777
279,35478,5909
280,35266,6094
281,42370,6406
282,43682,6738
283,44027,6893
284,43457,7266
285,42439,7542
286,41016,7793
287,39912,8030
288,38286,8349
289,36772,8548
290,36355,8740
291,41798,9146
292,42898,9415
293,43193,9631
294,42252,9950
295,41292,10155
296,39643,10589
297,38275,10718
298,36577,11129
299,35147,11313
300,34225,11478
301,38388,11695
302,39001,11995
303,38973,12115
304,37727,12589
305,36620,12720
306,35157,13044
307,33687,13219
308,31985,13466
309,30536,13522
310,29519,13739
311,32807,13882
312,33081,14265
313,32924,14288
314,31824,14420
315,30696,14694
316,29177,14848
317,27942,14846
318,26332,15000
319,25145,14983
320,24038,14980
321,26478,15149
322,26779,15381
323,26608,15424
324,25447,15372
325,24575,15603
326,23334,15603
327,22279,15517
328,20846,15619
329,19795,15531
330,18910,15491
331,20879,15599
332,21148,15541
333,20911,15534
334,20176,15435
335,19272,15541
336,18242,15438
337,17402,15295
338,16502,15319
339,15681,15168
340,14950,15163
341,16503,15008
342,16923,14916
343,16872,14762
344,16286,14544
345,15812,14365
346,14950,14330
347,14305,14304
348,13466,14142
349,12757,13947
350,12197,13703
351,13531,13751
352,13958,13597
353,13885,13489
354,13607,13241
355,13033,13206
356,12458,13090
357,11937,12823
358,11284,12709
359,10702,12566
360,10227,12388
361,11472,12322
362,11922,12146
363,11930,11997
364,11615,11884
365,11111,11612
366,10593,11504
367,10148,11271
368,9532,11134
369,8936,11039
370,8452,10814
371,9770,10586
372,10166,10489
373,10303,10326
374,9923,10151
375,9523,10088
376,9042,9937
377,8546,9753
378,7931,9558
379,7440,9368
380,7054,9202
381,8393,9103
382,8737,9009
383,8872,8934
384,8539,8743
385,8199,8545
386,7747,8453
387,7349,8335
388,6910,8251
389,6477,8088
390,6116,7907
391,7385,7744
392,7865,7630
393,7969,7418
394,7732,7409
395,7463,7340
396,7056,7162
397,6730,7020
398,6278,6946
399,5869,6779
400,5629,6631
401,6933,6482
402,7407,6427
403,7597,6319
404,7395,6135
405,7156,6155
406,6829,5990
407,6461,5912
408,6085,5736
409,5761,5644
410,5517,5561
411,7064,5409
412,7540,5390
413,7878,5315
414,7758,5257
415,7489,5209
416,7183,5078
417,6918,5018
418,6630,4946
419,6244,4954
420,6079,4768
421,8003,4786
422,8617,4702
423,9054,4703
424,8833,4599
425,8723,4542
426,8446,4448
427,8099,4474
428,7808,4389
429,7579,4346
430,7507,4271
431,9463,4294
432,10311,4239
433,10844,4159
434,10654,4144
435,10378,4148
436,10138,4125
437,9958,4066
438,9599,4004
439,9329,3954
440,9189,3931
441,11519,3880
442,12442,3885
443,13064,3886
444,12979,3900
445,12892,3887
446,12635,3837
447,12495,3798
448,12155,3806
449,11804,3803
450,11683,3790
451,14433,3785
452,15457,3808
453,16173,3846
454,16058,3887
455,15953,3890
456,15668,3899
457,15552,3944
458,15197,3931
459,14733,3937
460,14701,3896
461,17596,3959
462,18975,4090
463,19695,4081
464,19536,4152
465,19471,4176
466,19115,4180
467,18965,4237
468,18410,4354
469,17826,4383
470,17633,4361
471,20841,4485
472,22232,4555
473,22972,4574
474,22719,4723
475,22559,4848
476,22106,4906
477,21813,4984
478,21058,5084
479,20504,5183
480,20045,5199
481,23473,5283
482,24875,5422
483,25855,5482
484,25540,5699
485,25176,5786
486,24576,5812
487,24058,5961
488,23251,6075
489,22571,6170
490,22048,6206
491,25392,6350
492,26792,6531
493,27820,6606
494,27434,6790
495,27023,6942
496,26133,7101
497,25464,7195
498,24341,7340
499,23368,7491
500,22815,7486
501,26503,7594
502,27866,7786
503,28729,7966
504,28292,8082
505,27724,8280
506,26798,8381
507,26077,8537
508,24784,8622
509,23885,8735
510,23130,8786
511,26623,8926
512,28039,9017
513,29194,9196
514,28671,9173
515,27965,9442
516,26763,9616
517,25874,9819
518,24659,9791
519,23523,9903
520,22565,9902
521,25896,10060
522,27193,10165
523,28044,10334
524,27521,10477
525,26990,10530
526,25849,10596
527,24970,10816
528,23526,10947
529,22328,11018
530,21425,10976
531,24155,11085
532,25167,11144
533,26078,11282
534,25494,11346
535,24607,11446
536,23473,11509
537,22499,11550
538,21040,11621
539,19924,11760
540,18965,11713
541,21291,11787
542,22237,11826
543,22812,11975
544,22402,11939
545,21672,11984
546,20562,12096
547,19724,12162
548,18588,12099
549,17572,12102
550,16820,11955
551,18953,12088
552,19851,11995
553,20638,12052
554,20222,12084
555,19714,12169
556,18800,12023
557,17876,12035
558,16848,12037
559,15907,12068
560,15140,11902
561,16955,12024
562,18019,11913
563,18716,11907
564,18173,11956
565,17611,11896
566,16751,11855
567,15862,11882
568,14886,11771
569,14135,11775
570,13491,11643
571,15168,11639
572,16110,11531
573,16692,11512
574,16373,11423
575,15798,11528
576,15024,11352
577,14321,11289
578,13525,11157
579,12784,11025
580,12122,10883
581,13598,10857
582,14485,10883
583,14857,10798
584,14650,10696
585,14275,10668
586,13471,10584
587,12986,10563
588,12121,10532
589,11477,10285
590,10901,10328
591,12081,10239
592,12745,10150
593,12909,10107
594,12658,10041
595,12330,9967
596,11648,9913
597,11238,9728
598,10554,9720
599,9912,9592
600,9416,9447
601,10387,9435
602,10959,9397
603,11051,9267
604,10900,9176
605,10692,9083
606,10217,8990
607,9721,8952
608,9202,8830
609,8716,8774
610,8313,8589
611,9171,8597
612,9839,8505
613,9884,8350
614,9768,8310
615,9690,8156
616,9090,8073
617,8843,8009
618,8411,7885
619,7991,7811
620,7685,7630
621,8748,7597
622,9479,7605
623,9842,7463
624,9863,7282
625,9802,7269
626,9593,7155
627,9288,7021
628,9087,6905
629,8693,6851
630,8505,6667
631,9708,6622
632,10785,6589
633,11133,6565
634,11344,6371
635,11277,6298
636,10880,6257
637,10726,6227
638,10405,6136
639,10117,6113
640,9823,6096
641,11230,6023
642,12557,5958
643,13037,5869
644,13237,5854
645,13197,5804
646,12831,5812
647,12555,5737
648,12080,5662
649,11772,5661
650,11551,5605
651,13379,5540
652,14931,5511
653,15631,5458
654,15793,5478
655,15713,5552
656,15402,5566
657,15073,5496
658,14519,5477
659,14328,5520
660,13983,5413
661,16212,5459
662,18013,5412
663,18582,5485
664,18838,5427
665,18702,5526
666,18285,5544
667,17958,5477
668,17348,5475
669,17036,5507
670,16532,5498
671,18839,5515
672,20654,5636
673,21513,5598
674,21679,5655
675,21580,5814
676,20984,5817
677,20515,5854
678,19636,5946
679,19074,6017
680,18480,5993
681,20986,6116
682,22809,6219
683,23832,6238
684,23909,6226
685,23744,6345
686,23166,6484
687,22607,6551
688,21768,6550
689,21095,6681
690,20534,6579
691,23051,6762
692,25050,6848
693,26008,6975
694,26108,6997
695,25786,7230
696,25143,7235
697,24394,7288
698,23542,7369
699,22665,7508
700,22024,7562
701,24331,7715
702,26271,7846
703,27405,7882
704,27393,8063
705,26948,8082
706,26026,8214
707,25318,8327
708,24329,8480
709,23263,8611
710,22395,8648
711,24497,8714
712,26357,8818
713,27316,8926
714,27297,9089
715,26900,9233
716,25751,9321
717,24919,9338
718,23840,9481
719,22810,9620
720,21867,9727
721,24096,9923
722,25822,10024
723,26503,10165
724,26387,10214
725,26055,10289
726,25009,10349
727,24044,10519
728,23134,10585
729,22144,10564
730,21102,10618
731,23273,10543
732,24655,10625
733,25407,10720
734,25339,10915
735,24828,11018
736,23781,11148
737,22843,11178
738,21716,11241
739,20785,11230
740,19725,11310
741,21756,11342
742,22831,11349
743,23565,11518
744,23331,11539
745,22978,11572
746,22097,11628
747,21314,11682
748,20108,11743
749,19086,11774
750,18100,11676
751,19934,11816
752,20865,11700
753,21589,11783
754,21388,11893
755,21102,11769
756,20279,11795
757,19344,11806
758,18300,11662
759,17300,11815
760,16477,11757
761,18356,11689
762,19088,11703
763,19401,11733
764,19332,11597
765,19033,11706
766,18216,11734
767,17426,11654
768,16534,11436
769,15686,11553
770,15084,11403
771,16598,11391
772,17334,11296
773,17549,11329
774,17330,11364
775,17193,11293
776,16491,11272
777,15750,11180
778,14984,11128
779,14153,11070
780,13601,10949
781,15087,10892
782,15607,10787
783,15693,10766
784,15419,10775
785,15168,10667
786,14416,10602
787,13921,10503
788,13098,10467
789,12394,10364
790,11729,10323
791,13228,10287
792,13630,10284
793,13753,10306
794,13575,10170
795,13303,10118
796,12645,10001
797,12037,9969
798,11399,9958
799,10726,9900
800,10181,9753
801,11643,9737
802,12081,9676
803,12236,9580
804,11926,9500
805,11713,9493
806,11127,9370
807,10776,9340
808,10033,9172
809,9478,9216
810,9030,9020
811,10404,8952
812,10987,8906
813,11311,8809
814,11258,8696
815,11190,8658
816,10690,8534
817,10454,8423
818,9966,8302
819,9567,8196
820,9091,8117
821,10570,8061
822,11289,7962
823,11752,7899
824,11690,7856
825,11797,7792
826,11349,7644
827,10978,7590
828,10475,7540
829,10132,7451
830,9797,7343
831,11127,7366
832,11926,7286
833,12507,7267
834,12515,7185
835,12539,7202
836,12153,7179
837,11803,7134
838,11358,7000
839,10962,6890
840,10573,6788
841,12093,6785
842,13184,6688
843,13748,6696
844,13830,6702
845,14036,6578
846,13720,6493
847,13480,6520
848,12955,6425
849,12614,6413
850,12381,6264
851,14066,6241
852,15312,6289
853,16298,6202
854,16419,6164
855,16639,6191
856,16342,6119
857,16195,6145
858,15722,6132
859,15264,6011
860,14797,6066
861,16777,6033
862,18254,5988
863,19244,6041
864,19280,6033
865,19665,6123
866,19278,6014
867,18951,6133
868,18254,6057
869,17837,6115
870,17345,6087
871,19421,6160
872,20908,6143
873,21837,6216
874,21982,6230
875,22203,6327
876,21778,6351
877,21536,6385
878,20796,6499
879,20117,6619
880,19579,6558
881,21407,6671
882,23032,6736
883,23868,6791
884,23997,6880
885,24127,6975
886,23554,7040
887,23296,7141
888,22411,7234
889,21675,7335
890,20962,7343
891,22639,7501
892,24261,7552
893,25186,7693
894,25150,7789
895,25107,7868
896,24443,8022
897,24352,8103
898,23260,8210
899,22507,8311
900,21534,8379
901,23275,8381
902,24948,8533
903,25765,8664
904,25948,8703
905,25971,8881
906,25362,8973
907,25085,8971
908,24146,9070
909,23480,9150
910,22524,9081
911,23983,9236
912,25951,9306
913,26762,9388
914,26992,9529
915,26780,9667
916,26116,9638
917,25797,9764
918,24746,9816
919,23926,9806
920,23026,9907
921,24839,9918
922,26636,9980
923,27396,10125
924,27457,10194
925,27589,10224
926,26929,10284
927,26476,10368
928,25394,10437
929,24647,10507
930,23644,10505
931,25211,10739
932,26840,10720
933,27461,10779
934,27344,10814
935,27239,10909
936,26582,11047
937,25955,11117
938,24866,11263
939,23893,11206
940,22866,11264
941,24184,11359
942,25591,11425
943,26089,11462
944,25833,11695
945,25764,11708
946,24829,11771
947,24329,11770
948,23280,11837
949,22247,11909
950,21209,11819
951,22158,11938
952,23191,11868
953,23779,11977
954,23608,11924
955,23322,12025
956,22594,12063
957,22042,12060
958,21146,12086
959,20119,12172
960,19193,12204
961,19929,12182
962,20807,12173
963,21054,12148
964,20995,12225
965,20629,12223
966,19647,12261
967,18981,12312
968,17974,12326
969,17068,12293
970,16013,12285
971,16768,12267
972,17378,12326
973,17494,12283
974,17317,12189
975,16914,12235
976,16148,12248
977,15576,12110
978,14612,12083
979,13825,12021
980,13088,11890
981,13554,11891
982,14351,11863
983,14485,11771
984,14376,11691
985,14084,11683
986,13517,11556
987,12927,11489
988,12123,11391
989,11425,11334
990,10691,11241
991,11317,11227
992,12095,11094
993,12199,11007
994,12194,10965
995,11882,10865
996,11529,10797
997,11091,10556
998,10454,10513
999,10017,10351
1000,9355,10241
1001,9996,10072
1002,10979,10049
1003,11182,9852
1004,11277,9826
1005,11289,9686
1006,10771,9711
1007,10678,9496
1008,10229,9362
1009,9741,9261
1010,9198,9127
1011,9861,9029
1012,10832,8999
1013,11131,8846
1014,11342,8725
1015,11344,8672
1016,11066,8604
1017,10774,8544
1018,10391,8373
1019,10019,8290
1020,9520,8200
1021,10324,8125
1022,11348,8078
1023,12003,7887
1024,12264,7793
1025,12362,7730
1026,12297,7653
1027,12193,7516
1028,11843,7412
1029,11578,7293
1030,11193,7173
1031,12066,6949
1032,13294,6978
1033,14057,6914
1034,14360,6879
1035,14397,6772
1036,14319,6790
1037,14282,6721
1038,13889,6584
1039,13576,6521
1040,13210,6471
1041,14212,6449
1042,15431,6433
1043,16354,6394
1044,16826,6345
1045,17057,6315
1046,17019,6280
1047,16803,6269
1048,16332,6295
1049,15950,6206
1050,15534,6122
1051,16659,6143
1052,18021,6147
1053,18884,6112
1054,19284,6182
1055,19548,6166
1056,19406,6201
1057,19232,6198
1058,18592,6249
1059,18232,6226
1060,17645,6252
1061,18741,6232
1062,20189,6297
1063,21150,6265
1064,21442,6361
1065,21663,6407
1066,21616,6451
1067,21345,6565
1068,20670,6646
1069,20245,6670
1070,19552,6628
1071,20364,6712
1072,21611,6842
1073,22415,6893
1074,22768,6875
1075,22965,6987
1076,22755,7133
1077,22326,7194
1078,21609,7297
1079,20933,7389
1080,20149,7384
1081,21027,7475
1082,22018,7624
1083,22799,7700
1084,22959,7892
1085,23161,7940
1086,22923,7862
1087,22568,8023
1088,21673,8068
1089,21225,8118
1090,20454,8224
1091,21274,8217
1092,22430,8295
1093,23092,8371
1094,23341,8416
1095,23466,8553
1096,23121,8674
1097,22654,8694
1098,21842,8741
1099,21231,8709
1100,20505,8708
1101,21619,8847
1102,22735,8925
1103,23331,9102
1104,23488,9058
1105,23738,9147
1106,23524,9200
1107,22997,9260
1108,22282,9393
1109,21688,9425
1110,21003,9413
1111,22247,9460
1112,23301,9614
1113,23734,9651
1114,23794,9678
1115,23742,9786
1116,23402,9840
1117,22945,9867
1118,22062,9865
1119,21306,9897
1120,20433,10013
1121,21462,10089
1122,22598,10201
1123,23082,10194
1124,22956,10247
1125,22747,10385
1126,22418,10405
1127,21830,10509
1128,20937,10491
1129,20008,10529
1130,19084,10562
1131,20107,10617
1132,21131,10653
1133,21530,10645
1134,21553,10816
1135,21347,10750
1136,21172,10842
1137,20542,10790
1138,19602,10892
1139,18750,10823
1140,17917,10812
1141,18814,10840
1142,19955,10868
1143,20692,10831
1144,20790,10829
1145,20879,10826
1146,20617,10831
1147,20307,10805
1148,19506,10743
1149,18670,10717
1150,17682,10675
1151,18649,10660
1152,20008,10650
1153,20649,10653
1154,20908,10601
1155,20990,10687
1156,20636,10590
1157,20096,10678
1158,19292,10633
1159,18426,10625
1160,17549,10587
1161,18399,10516
1162,19427,10561
1163,20063,10512
1164,20196,10507
1165,20280,10651
1166,19754,10541
1167,19220,10556
1168,18343,10451
1169,17417,10578
1170,16539,10509
1171,17170,10524
1172,18282,10512
1173,18613,10556
1174,18736,10678
1175,18656,10677
1176,18097,10714
1177,17485,10676
1178,16493,10664
1179,15690,10732
1180,14695,10574
1181,15265,10600
1182,16169,10551
1183,16633,10530
1184,16676,10535
1185,16442,10550
1186,15799,10508
1187,15171,10437
1188,14269,10422
1189,13484,10384
1190,12742,10273
1191,13227,10370
1192,13843,10296
1193,14180,10291
1194,14241,10191
1195,14105,10252
1196,13522,10149
1197,13127,10024
1198,12333,10030
1199,11626,9977
1200,11176,9892
1201,11618,9785
1202,12379,9766
1203,12837,9652
1204,12898,9482
1205,12842,9485
1206,12550,9456
1207,12234,9277
1208,11614,9255
1209,10999,9148
1210,10437,9096
1211,10845,9026
1212,11674,8937
1213,12229,8854
1214,12384,8792
1215,12447,8723
1216,12179,8608
1217,12075,8523
1218,11542,8432
1219,11054,8360
1220,10563,8300
1221,10950,8172
1222,11759,8067
1223,12270,8109
1224,12468,8053
1225,12650,8069
1226,12371,8002
1227,12204,7969
1228,11789,7804
1229,11265,7774
1230,10754,7773
1231,11208,7657
1232,11883,7558
1233,12620,7476
1234,12820,7418
1235,13015,7525
1236,13065,7325
1237,12994,7304
1238,12539,7256
1239,12177,7225
1240,11678,7120
1241,12138,7027
1242,12978,7052
1243,13721,6977
1244,14142,7005
1245,14517,6870
1246,14464,6867
1247,14474,6840
1248,14015,6738
1249,13517,6794
1250,12982,6740
1251,13531,6730
1252,14350,6720
1253,15045,6670
1254,15756,6627
1255,16074,6602
1256,15993,6620
1257,16185,6591
1258,15644,6572
1259,15112,6521
1260,14685,6489
1261,15161,6472
1262,16031,6432
1263,16829,6525
1264,17517,6482
1265,17970,6585
1266,18035,6537
1267,17891,6633
1268,17270,6659
1269,16731,6512
1270,16076,6562
1271,16695,6584
1272,17533,6624
1273,18672,6607
1274,19165,6700
1275,19660,6751
1276,19631,6763
1277,19424,6744
1278,18895,6802
1279,18290,6758
1280,17617,6818
1281,18292,6803
1282,19357,6882
1283,20282,6934
1284,20632,6944
1285,21187,7050
1286,21263,7113
1287,20986,7200
1288,20250,7220
1289,19667,7241
1290,18780,7326
1291,19561,7377
1292,20645,7453
1293,21504,7577
1294,21789,7547
1295,22327,7690
1296,22212,7728
1297,21846,7745
1298,21173,7824
1299,20372,7904
1300,19632,7885
1301,20286,8015
1302,21455,8079
1303,22354,8142
1304,22771,8189
1305,23197,8232
1306,23083,8313
1307,22598,8385
1308,21750,8445
1309,21000,8554
1310,20178,8521
1311,20822,8614
1312,22011,8635
1313,22997,8629
1314,23564,8733
1315,24295,8799
1316,23821,8883
1317,23461,8987
1318,22683,8991
1319,21811,9090
1320,20850,9066
1321,21468,9188
1322,22754,9146
1323,23704,9350
1324,24260,9346
1325,24969,9436
1326,24521,9534
1327,23857,9557
1328,22965,9646
1329,22039,9746
1330,20949,9776
1331,21540,9802
1332,22398,9920
1333,23437,9921
1334,23847,10004
1335,24491,10147
1336,24023,10180
1337,23423,10286
1338,22428,10353
1339,21580,10396
1340,20707,10316
1341,21224,10285
1342,21826,10346
1343,22703,10439
1344,23265,10512
1345,23708,10697
1346,23251,10648
1347,22578,10710
1348,21654,10678
1349,20732,10783
1350,19973,10773
1351,20237,10825
1352,20730,10843
1353,21541,10973
1354,21654,10930
1355,22101,11051
1356,21558,11087
1357,20975,11073
1358,19971,11093
1359,19129,11200
1360,18290,11171
1361,18500,11241
1362,18878,11193
1363,19333,11299
1364,19285,11292
1365,19666,11252
1366,18814,11321
1367,18092,11426
1368,17125,11269
1369,16366,11327
1370,15679,11312
1371,15996,11300
1372,16392,11318
1373,17040,11185
1374,17092,11098
1375,17199,11191
1376,16721,11163
1377,16179,11042
1378,15473,11099
1379,14841,10927
1380,14192,10958
1381,14763,10814
1382,15376,10776
1383,16070,10673
1384,16115,10649
1385,16187,10702
1386,15810,10576
1387,15317,10543
1388,14599,10435
1389,14054,10380
1390,13384,10433
1391,13976,10313
1392,14596,10326
1393,15212,10216
1394,15341,10210
1395,15428,10169
1396,14958,10058
1397,14535,10103
1398,13883,10061
1399,13388,9971
1400,12655,9925
1401,13369,9800
1402,13961,9780
1403,14364,9732
1404,14538,9685
1405,14582,9659
1406,14156,9626
1407,13860,9513
1408,13159,9488
1409,12562,9411
1410,12160,9333
1411,12710,9281
1412,13495,9306
1413,13928,9091
1414,14078,9061
1415,14145,9014
1416,13909,8981
1417,13625,8935
1418,13107,8903
1419,12447,8859
1420,12031,8741
1421,12519,8703
1422,13274,8654
1423,13942,8567
1424,14237,8472
1425,14289,8498
1426,14006,8443
1427,13936,8431
1428,13561,8335
1429,13085,8227
1430,12611,8116
1431,13367,8067
1432,14174,8041
1433,14933,8049
1434,15225,7973
1435,15347,7925
1436,15215,7943
1437,15027,7847
1438,14754,7867
1439,14173,7838
1440,13609,7832
1441,14424,7714
1442,15282,7745
1443,16046,7683
1444,16367,7638
1445,16522,7719
1446,16428,7703
1447,16322,7593
1448,15840,7620
1449,15514,7504
1450,14979,7434
1451,15715,7583
1452,16697,7417
1453,17275,7437
1454,17791,7420
1455,17863,7396
1456,17806,7310
1457,17942,7355
1458,17459,7336
1459,17113,7376
1460,16623,7316
1461,17387,7250
1462,18244,7370
1463,18904,7363
1464,19370,7304
1465,19574,7322
1466,19272,7355
1467,19391,7398
1468,18944,7342
1469,18378,7418
1470,17934,7368
1471,18610,7471
1472,19303,7544
1473,19974,7523
1474,20343,7599
1475,20468,7619
1476,20295,7666
1477,20419,7705
1478,19880,7834
1479,19257,7847
1480,18642,7772
1481,19110,7785
1482,19895,7827
1483,20445,7947
1484,20868,7923
1485,21084,8035
1486,20975,8114
1487,20828,8097
1488,20388,8150
1489,19770,8178
1490,19114,8193
1491,19422,8291
1492,20133,8259
1493,20956,8403
1494,21359,8437
1495,21642,8451
1496,21296,8483
1497,21263,8551
1498,20777,8506
1499,20085,8668
1500,19430,8615
1501,19967,8664
1502,20550,8688
1503,21356,8724
1504,22007,8794
1505,22320,8828
1506,21944,8805
1507,21653,8958
1508,21250,8892
1509,20502,8894
1510,19913,8894
1511,20317,8873
1512,21055,8991
1513,21846,9052
1514,22675,9167
1515,23065,9234
1516,22627,9204
1517,22347,9182
1518,21653,9286
1519,20987,9381
1520,20244,9436
1521,20722,9385
1522,21276,9442
1523,22330,9492
1524,23206,9560
1525,23435,9476
1526,23078,9682
1527,22496,9763
1528,21569,9814
1529,20860,9878
1530,20179,9883
1531,20464,9887
1532,21147,9898
1533,22020,9900
1534,22830,10059
1535,22924,10137
1536,22402,10124
1537,21940,10145
1538,20983,10125
1539,20183,10177
1540,19332,10189
1541,19674,10248
1542,20328,10209
1543,21112,10243
1544,21850,10315
1545,22012,10353
1546,21602,10311
1547,21079,10438
1548,20112,10385
1549,19273,10420
1550,18546,10462
1551,18962,10432
1552,19746,10399
1553,20584,10305
1554,20973,10411
1555,21256,10437
1556,20788,10471
1557,20498,10409
1558,19587,10477
1559,19100,10462
1560,18311,10506
1561,18657,10481
1562,19498,10418
1563,20211,10436
1564,20638,10450
1565,20918,10408
1566,20610,10452
1567,20328,10396
1568,19526,10381
1569,18795,10390
1570,17943,10377
1571,18233,10339
1572,18898,10320
1573,19469,10303
1574,19682,10345
1575,19888,10316
1576,19714,10404
1577,19260,10314
1578,18336,10475
1579,17761,10395
1580,16913,10364
1581,17138,10315
1582,17760,10321
1583,18216,10390
1584,18360,10277
1585,18555,10406
1586,18400,10419
1587,17955,10407
1588,17180,10350
1589,16439,10268
1590,15737,10239
1591,15862,10230
1592,16374,10366
1593,16949,10279
1594,17247,10190
1595,17234,10241
1596,17164,10122
1597,16686,10193
1598,16074,10038
1599,15425,9917
1600,14888,9981
1601,15145,9887
1602,15621,9812
1603,16249,9884
1604,16652,9724
1605,16733,9677
1606,16771,9639
1607,16448,9644
1608,15709,9570
1609,15233,9568
1610,14519,9472
1611,14578,9469
1612,14950,9370
1613,15482,9420
1614,15734,9447
1615,15722,9421
1616,15651,9405
1617,15367,9355
1618,14871,9367
1619,14261,9280
1620,13386,9245
1621,13602,9178
1622,13858,9171
1623,14272,9222
1624,14386,9187
1625,14303,9171
1626,14226,9177
1627,13975,9221
1628,13556,9144
1629,12921,9117
1630,12311,8995
1631,12437,8969
1632,12905,8938
1633,13501,8819
1634,13779,8792
1635,13752,8688
1636,13901,8700
1637,13966,8611
1638,13722,8592
1639,13253,8531
1640,12771,8382
1641,13075,8253
1642,13814,8262
1643,14557,8205
1644,14918,8166
1645,14997,8183
1646,15133,8121
1647,15278,8049
1648,15058,8004
1649,14738,7932
1650,14193,7837
1651,14640,7822
1652,15418,7780
1653,16226,7812
1654,16640,7716
1655,16694,7740
1656,16760,7733
1657,16917,7670
1658,16757,7689
1659,16372,7596
1660,15742,7561
1661,16095,7640
1662,16888,7582
1663,17626,7599
1664,18042,7637
1665,18322,7563
1666,18411,7583
1667,18484,7603
1668,18310,7519
1669,17882,7639
1670,17142,7513
1671,17503,7487
1672,18147,7626
1673,19073,7509
1674,19513,7596
1675,19562,7693
1676,19455,7664
1677,19550,7628
1678,19313,7731
1679,18794,7761
1680,17992,7774
1681,18250,7800
1682,18779,7840
1683,19720,7754
1684,20141,7770
1685,20235,7918
1686,20011,7994
1687,20207,8009
1688,19853,8039
1689,19299,8055
1690,18464,8114
1691,18624,8054
1692,19080,8172
1693,20053,8237
1694,20491,8247
1695,20547,8286
1696,20448,8230
1697,20467,8298
1698,20156,8374
1699,19521,8373
1700,18847,8375
1701,19213,8363
1702,19543,8437
1703,20487,8573
1704,20766,8602
1705,21090,8585
1706,20913,8596
1707,20813,8688
1708,20157,8737
1709,19601,8786
1710,18810,8755
1711,18864,8907
1712,19204,8874
1713,20215,8956
1714,20244,9053
1715,20535,9006
1716,20265,9083
1717,20020,9089
1718,19444,9193
1719,18794,9235
1720,18029,9278
1721,18218,9226
1722,18632,9294
1723,19572,9274
1724,19838,9306
1725,20165,9395
1726,19882,9396
1727,19679,9425
1728,19006,9439
1729,18303,9395
1730,17663,9421
1731,17801,9406
1732,18434,9334
1733,19210,9434
1734,19470,9492
1735,19878,9473
1736,19511,9458
1737,19375,9425
1738,18827,9496
1739,18184,9519
1740,17527,9493
1741,17754,9495
1742,18348,9478
1743,19271,9432
1744,19421,9491
1745,19727,9558
1746,19645,9428
1747,19454,9492
1748,18871,9504
1749,18293,9523
1750,17631,9451
1751,17740,9390
1752,18325,9386
1753,19082,9475
1754,19504,9468
1755,19814,9564
1756,19751,9557
1757,19653,9535
1758,19271,9532
1759,18501,9614
1760,17876,9538
1761,17867,9503
1762,18446,9409
1763,19234,9534
1764,19687,9529
1765,20006,9540
1766,19981,9550
1767,19843,9538
1768,19288,9514
1769,18747,9521
1770,17938,9449
1771,17985,9552
1772,18354,9520
1773,19151,9490
1774,19475,9455
1775,19837,9541
1776,19651,9607
1777,19752,9565
1778,19072,9480
1779,18425,9576
1780,17548,9497
1781,17581,9535
1782,17888,9541
1783,18585,9591
1784,18957,9582
1785,19281,9528
1786,19245,9522
1787,19062,9668
1788,18485,9625
1789,17800,9478
1790,17056,9452
1791,17103,9436
1792,17089,9404
1793,17879,9419
1794,18214,9476
1795,18584,9530
1796,18505,9390
1797,18368,9467
1798,17918,9411
1799,17339,9459
1800,16461,9370
1801,16605,9361
1802,16562,9453
1803,17323,9427
1804,17758,9411
1805,17852,9453
1806,17707,9483
1807,17426,9513
1808,17009,9458
1809,16497,9466
1810,15765,9514
1811,15800,9481
1812,15939,9332
1813,16450,9289
1814,16845,9363
1815,16980,9375
1816,16741,9279
1817,16576,9350
1818,16207,9394
1819,15672,9340
1820,14964,9260
1821,14989,9218
1822,15180,9199
1823,15702,9161
1824,15988,9198
1825,15911,9174
1826,15778,9164
1827,15555,9173
1828,15244,9191
1829,14913,9153
1830,14220,9090
1831,14271,8997
1832,14525,8991
1833,15151,8986
1834,15385,9033
1835,15480,9059
1836,15303,8926
1837,15326,8989
1838,15132,8865
1839,14716,8875
1840,14117,8861
1841,14361,8819
1842,14568,8776
1843,15173,8773
1844,15679,8704
1845,15813,8690
1846,15801,8641
1847,15889,8665
1848,15656,8766
1849,15488,8624
1850,14845,8586
1851,14914,8663
1852,15307,8599
1853,15985,8551
1854,16550,8428
1855,16788,8502
1856,16784,8461
1857,16902,8379
1858,16764,8403
1859,16546,8353
1860,15869,8342
1861,16079,8306
1862,16390,8281
1863,17162,8324
1864,17721,8188
1865,17931,8198
1866,18000,8268
1867,18339,8109
1868,18111,8166
1869,17849,8115
1870,17181,8136
1871,17250,8080
1872,17643,8027
1873,18454,8064
1874,18897,8151
1875,19266,8069
1876,19344,8092
1877,19509,8118
1878,19291,8156
1879,18942,8187
1880,18199,8144
1881,18440,8112
1882,18754,8034
1883,19681,8048
1884,20045,8093
1885,20346,8092
1886,20326,8088
1887,20473,8177
1888,20166,8231
1889,19636,8256
1890,18924,8235
1891,19189,8299
1892,19629,8323
1893,20158,8387
1894,20496,8369
1895,20750,8335
1896,20736,8432
1897,20762,8415
1898,20420,8438
1899,20021,8499
1900,19232,8475
1901,19644,8465
1902,19946,8452
1903,20404,8492
1904,20843,8536
1905,21009,8601
1906,21062,8650
1907,20926,8703
1908,20428,8709
1909,19955,8806
1910,19166,8828
1911,19556,8756
1912,19829,8795
1913,20350,8861
1914,20493,8889
1915,20894,8885
1916,20680,8975
1917,20750,9003
1918,20390,8999
1919,19908,9016
1920,19037,9046
1921,19451,9117
1922,19769,9099
1923,20163,9011
1924,20302,9155
1925,20599,9259
1926,20447,9177
1927,20465,9248
1928,20045,9307
1929,19650,9232
1930,18957,9227
1931,19176,9289
1932,19419,9346
1933,19626,9345
1934,19715,9424
1935,19998,9422
1936,20092,9419
1937,19927,9435
1938,19487,9524
1939,18981,9669
1940,18223,9681
1941,18381,9626
1942,18609,9575
1943,18666,9701
1944,18785,9657
1945,19118,9718
1946,19232,9707
1947,19358,9712
1948,18926,9722
1949,18476,9778
1950,17835,9679
1951,17998,9701
1952,18036,9718
1953,18192,9799
1954,18324,9790
1955,18853,9735
1956,18879,9819
1957,18954,9781
1958,18366,9834
1959,17860,9761
1960,17369,9689
1961,17607,9693
1962,17624,9771
1963,17759,9747
1964,17911,9710
1965,18517,9612
1966,18783,9729
1967,18812,9760
1968,18383,9749
1969,17905,9638
1970,17434,9607
1971,17629,9615
1972,17492,9605
1973,18003,9587
1974,18100,9633
1975,18788,9626
1976,19029,9609
1977,19173,9558
1978,18638,9609
1979,18245,9571
1980,17817,9580
1981,17697,9526
1982,17784,9526
1983,18088,9464
1984,18362,9596
1985,18836,9483
1986,19159,9460
1987,19200,9427
1988,18761,9448
1989,18034,9409
1990,17604,9359
1991,17566,9416
1992,17517,9470
1993,18014,9465
1994,18219,9428
1995,18774,9404
1996,18965,9452
1997,18829,9406
1998,18235,9423
1999,17807,9393
2000,17066,9451
2001,16937,9421
2002,16669,9369
2003,17026,9479
2004,17127,9525
2005,17301,9519
2006,17525,9558
2007,17337,9621
2008,16564,9586
2009,15824,9615
2010,15083,9663
2011,14832,9648
2012,14679,9597
2013,14960,9637
2014,15068,9599
2015,15280,9576
2016,15546,9592
2017,15494,9640
2018,15122,9522
2019,14575,9485
2020,14069,9461
2021,13998,9511
2022,14027,9393
2023,14503,9233
2024,14970,9173
2025,15229,9172
2026,15364,9111
2027,15565,9158
2028,15361,9023
2029,14871,9032
2030,14335,8939
2031,14286,8968
2032,14434,8904
2033,14929,8922
2034,15308,8854
2035,15479,8833
2036,15523,8797
2037,15748,8804
2038,15362,8720
2039,15011,8676
2040,14589,8663
2041,14654,8671
2042,14895,8601
2043,15344,8577
2044,15751,8482
2045,15925,8438
2046,15976,8413
2047,16108,8495
2048,15960,8463
2049,15439,8434
2050,15102,8392
2051,15212,8409
2052,15398,8389
2053,15960,8378
2054,16495,8386
2055,16696,8258
2056,16739,8213
2057,16861,8243
2058,16601,8276
2059,16205,8212
2060,15816,8214
2061,16018,8142
2062,16051,8157
2063,16750,8197
2064,17118,8118
2065,17323,8059
2066,17511,8188
2067,17555,8128
2068,17439,8084
2069,16997,8057
2070,16427,8127
2071,16900,8130
2072,17094,8064
2073,17699,8089
2074,17974,7977
2075,18092,8097
2076,18116,8068
2077,18241,8143
2078,18024,8069
2079,17575,8027
2080,17153,8131
2081,17432,8128
2082,17693,8131
2083,18125,8057
2084,18354,8126
2085,18376,8085
2086,18450,8101
2087,18703,8090
2088,18347,8163
2089,17902,8141
2090,17463,8159
2091,17896,8175
2092,17970,8252
2093,18324,8186
2094,18648,8192
2095,18828,8206
2096,18790,8262
2097,19039,8222
2098,18605,8252
2099,18147,8259
2100,17612,8295
2101,18093,8309
2102,18107,8315
2103,18484,8326
2104,18667,8379
2105,18643,8403
2106,18736,8442
2107,18947,8480
2108,18568,8525
2109,18017,8575
2110,17525,8560
2111,17607,8571
2112,17710,8584
2113,18046,8669
2114,18243,8661
2115,18451,8650
2116,18635,8602
2117,18667,8659
2118,18259,8706
2119,17719,8761
2120,17232,8724
2121,17376,8773
2122,17599,8879
2123,17803,8866
2124,18245,8827
2125,18472,8757
2126,18832,8855
2127,18988,8800
2128,18633,8912
2129,18187,8831
2130,17643,8790
2131,17804,8783
2132,18084,8759
2133,18479,8822
2134,18761,8789
2135,19112,8834
2136,19643,8853
2137,19816,8853
2138,19515,8867
2139,18935,8853
2140,18410,8826
2141,18526,8904
2142,18837,8847
2143,19129,8855
2144,19541,8892
2145,19792,8868
2146,20370,8901
2147,20610,8933
2148,20374,8897
2149,19790,8865
2150,19407,8844
2151,19572,8865
2152,19899,8900
2153,20199,8850
2154,20580,8896
2155,20879,8854
2156,21629,8825
2157,21787,8963
2158,21531,9013
2159,20999,9001
2160,20498,8974
2161,20901,9033
2162,21127,9003
2163,21384,9047
2164,21591,9019
2165,22136,8997
2166,22791,9060
2167,23011,9078
2168,22632,9156
2169,22158,9221
2170,21530,9180
2171,21575,9197
2172,21853,9248
2173,21979,9214
2174,21995,9347
2175,22328,9301
2176,22864,9438
2177,23148,9378
2178,22485,9589
2179,21868,9666
2180,21249,9657
2181,21073,9748
2182,21182,9773
2183,21068,9862
2184,21104,9844
2185,21277,9928
2186,21408,9968
2187,21506,10070
2188,20818,10162
2189,20249,10194
2190,19533,10260
2191,19464,10280
2192,19494,10297
2193,19673,10324
2194,19576,10517
2195,19715,10399
2196,19770,10428
2197,19681,10518
2198,19274,10520
2199,18583,10522
2200,18013,10601
2201,17884,10560
2202,17939,10632
2203,18175,10664
2204,18149,10668
2205,18159,10660
2206,18344,10737
2207,18228,10654
2208,17665,10764
2209,17113,10686
2210,16424,10693
2211,16293,10583
2212,16421,10583
2213,16768,10497
2214,16704,10603
2215,16581,10604
2216,16753,10578
2217,16517,10505
2218,16262,10455
2219,15686,10473
2220,15146,10488
2221,14874,10503
2222,15018,10485
2223,15265,10417
2224,15382,10268
2225,15345,10347
2226,15407,10331
2227,15467,10216
2228,15095,10186
2229,14579,10207
2230,14067,10096
2231,13861,10135
2232,13973,10039
2233,14284,10006
2234,14342,9971
2235,14207,9893
2236,14292,9822
2237,14298,9858
2238,14069,9792
2239,13680,9749
2240,13127,9701
2241,13047,9622
2242,13118,9553
2243,13464,9552
2244,13632,9425
2245,13623,9429
2246,13736,9282
2247,13975,9261
2248,13664,9201
2249,13377,9149
2250,13153,9018
2251,13174,8901
2252,13494,8861
2253,13823,8827
2254,14122,8703
2255,14190,8618
2256,14342,8567
2257,14825,8536
2258,14729,8468
2259,14504,8383
2260,14132,8352
2261,14311,8314
2262,14795,8162
2263,15222,8104
2264,15552,8050
2265,15833,8028
2266,15984,7984
2267,16362,7896
2268,16166,7957
2269,15914,7829
2270,15438,7758
2271,15686,7706
2272,16200,7643
2273,16882,7638
2274,17329,7630
2275,17441,7685
2276,17807,7677
2277,18192,7631
2278,17939,7520
2279,17584,7555
2280,17134,7648
2281,17219,7551
2282,17691,7545
2283,18434,7517
2284,18803,7541
2285,19115,7511
2286,19201,7569
2287,19685,7454
2288,19213,7547
2289,18853,7614
2290,18336,7581
2291,18400,7551
2292,18771,7686
2293,19476,7651
2294,19635,7734
2295,20130,7659
2296,20322,7761
2297,20716,7919
2298,20368,7861
2299,19696,7970
2300,19019,7972
2301,19031,7891
2302,19268,8003
2303,19664,8001
2304,19791,8101
2305,20114,8111
2306,20387,8191
2307,20610,8250
2308,20434,8224
2309,19865,8331
2310,19215,8309
2311,19130,8414
2312,19221,8405
2313,19704,8398
2314,19816,8427
2315,20168,8456
2316,20356,8516
2317,20801,8564
2318,20424,8666
2319,19794,8632
2320,19160,8693
2321,19198,8726
2322,19196,8688
2323,19424,8833
2324,19567,8807
2325,19695,8805
2326,19904,8871
2327,20133,8916
2328,19829,9001
2329,19336,8982
2330,18610,9070
2331,18749,9090
2332,18845,9101
2333,19022,8986
2334,18915,9018
2335,19245,9052
2336,19538,9158
2337,19852,9059
2338,19531,9178
2339,19089,9201
2340,18551,9203
2341,18810,9308
2342,18849,9301
2343,19068,9266
2344,18986,9429
2345,19371,9343
2346,19517,9374
2347,19847,9340
2348,19437,9431
2349,18938,9449
2350,18352,9479
2351,18502,9558
2352,18494,9578
2353,18719,9428
2354,18663,9512
2355,19097,9547
2356,19489,9537
2357,19701,9558
2358,19405,9625
2359,18851,9611
2360,18266,9518
2361,18371,9549
2362,18581,9609
2363,18848,9581
2364,18816,9558
2365,19195,9553
2366,19591,9569
2367,19647,9543
2368,19284,9622
2369,18827,9665
2370,18325,9515
2371,18185,9584
2372,18464,9581
2373,18679,9630
2374,18642,9588
2375,18801,9634
2376,18920,9625
2377,19056,9660
2378,18579,9702
2379,18097,9727
2380,17501,9737
2381,17406,9700
2382,17458,9695
2383,17679,9716
2384,17582,9730
2385,17694,9673
2386,17808,9766
2387,17886,9710
2388,17429,9750
2389,17029,9730
2390,16567,9719
2391,16399,9672
2392,16388,9834
2393,16779,9735
2394,16719,9786
2395,16845,9768
2396,17097,9636
2397,17323,9679
2398,16886,9617
2399,16564,9539
2400,16121,9423
2401,16135,9471
2402,16345,9515
2403,16519,9467
2404,16437,9410
2405,16678,9378
2406,16865,9352
2407,17147,9288
2408,16783,9232
2409,16347,9184
2410,16077,9133
2411,16065,9076
2412,16258,9112
2413,16477,9089
2414,16410,9079
2415,16564,8984
2416,16979,8980
2417,17187,8907
2418,16894,8993
2419,16519,8926
2420,16074,8928
2421,16197,8854
2422,16349,8881
2423,16501,8876
2424,16368,8851
2425,16517,8805
2426,16746,8809
2427,16983,8739
2428,16607,8731
2429,16206,8797
2430,15896,8692
2431,16087,8714
2432,16186,8722
2433,16419,8714
2434,16255,8703
2435,16426,8641
2436,16589,8684
2437,16793,8597
2438,16441,8622
2439,16069,8556
2440,15821,8623
2441,15873,8550
2442,16096,8507
2443,16460,8580
2444,16489,8518
2445,16500,8479
2446,16642,8554
2447,16912,8516
2448,16475,8515
2449,16112,8483
2450,15933,8335
2451,16036,8380
2452,16170,8385
2453,16740,8438
2454,16988,8334
2455,16946,8343
2456,17177,8366
2457,17627,8388
2458,17450,8387
2459,17000,8317
2460,16714,8357
2461,16842,8297
2462,17168,8229
2463,17797,8222
2464,18187,8238
2465,18215,8288
2466,18311,8318
2467,18812,8222
2468,18641,8306
2469,18147,8228
2470,17837,8280
2471,17970,8299
2472,18270,8266
2473,18994,8167
2474,19362,8167
2475,19346,8158
2476,19732,8139
2477,20197,8195
2478,20141,8167
2479,19845,8202
2480,19685,8219
2481,19454,8173
2482,19680,8229
2483,20591,8151
2484,20781,8283
2485,20822,8267
2486,21100,8315
2487,21532,8300
2488,21412,8368
2489,20920,8368
2490,20317,8449
2491,20338,8444
2492,20342,8482
2493,21021,8541
2494,21041,8576
2495,21016,8577
2496,21128,8599
2497,21446,8694
2498,21286,8760
2499,20675,8727
2500,20066,8820
2501,19842,8744
2502,19669,8778
2503,20314,8941
2504,20373,8900
2505,20049,8985
2506,20322,9068
2507,20506,9124
2508,20285,9147
2509,19727,9213
2510,19078,9247
2511,18814,9241
2512,18694,9316
2513,19063,9355
2514,19154,9322
2515,19041,9386
2516,19512,9338
2517,19744,9454
2518,19619,9347
2519,19135,9459
2520,18561,9428
2521,18440,9377
2522,18426,9442
2523,19070,9387
2524,19215,9386
2525,19394,9449
2526,19888,9335
2527,20137,9493
2528,20078,9426
2529,19714,9413
2530,19153,9332
2531,19110,9410
2532,19049,9399
2533,19449,9362
2534,19784,9408
2535,19938,9375
2536,20348,9359
2537,20669,9498
2538,20358,9522
2539,19960,9482
2540,19249,9543
2541,18956,9484
2542,18945,9624
2543,19057,9670
2544,19151,9656
2545,19204,9746
2546,19551,9769
2547,19602,9813
2548,19309,9849
2549,18879,9822
2550,18150,9844
2551,17749,9880
2552,17689,9827
2553,17699,9961
2554,17672,9980
2555,17883,9877
2556,18109,9991
2557,18187,9951
2558,17994,9985
2559,17366,10027
2560,16872,9989
2561,16622,9966
2562,16584,9940
2563,16716,9877
2564,16675,9911
2565,16800,9881
2566,17068,9861
2567,17148,9883
2568,17060,9811
2569,16536,9798
2570,16170,9806
2571,15864,9738
2572,15895,9707
2573,16117,9740
2574,16137,9634
2575,16345,9583
2576,16629,9588
2577,16685,9517
2578,16690,9441
2579,16417,9368
2580,16048,9371
2581,15954,9325
2582,15983,9345
2583,16234,9335
2584,16233,9289
2585,16482,9244
2586,16617,9198
2587,16649,9204
2588,16749,9233
2589,16400,9093
2590,16210,9110
2591,16257,9148
2592,16232,9028
2593,16450,9009
2594,16423,8983
2595,16454,8958
2596,16564,8922
2597,16599,8890
2598,16581,8981
2599,16387,8833
2600,16199,8896
2601,16434,8876
2602,16307,8853
2603,16660,8967
2604,16613,8956
2605,16542,8912
2606,16595,8954
2607,16592,8807
2608,16516,8861
2609,16245,8861
2610,16134,8842
2611,16451,8726
2612,16300,8707
2613,16772,8724
2614,16492,8585
2615,16530,8632
2616,16678,8615
2617,16788,8592
2618,16834,8605
2619,16496,8547
2620,16497,8532
2621,16722,8465
2622,16733,8476
2623,17024,8454
2624,17094,8356
2625,16912,8390
2626,17059,8375
2627,17148,8453
2628,17045,8386
2629,16888,8347
2630,16836,8428
2631,17119,8406
2632,17052,8371
2633,17634,8318
2634,17394,8364
2635,17229,8362
2636,17357,8398
2637,17551,8361
2638,17445,8422
2639,17307,8365
2640,16900,8493
2641,17055,8359
2642,17163,8440
2643,17623,8414
2644,17433,8455
2645,17298,8383
2646,17409,8438
2647,17556,8543
2648,17562,8535
2649,17366,8432
2650,16946,8530
2651,17131,8443
2652,16964,8460
2653,17492,8501
2654,17422,8501
2655,17251,8506
2656,17130,8559
2657,17591,8500
2658,17560,8564
2659,17501,8526
2660,17165,8611
2661,17186,8601
2662,17032,8570
2663,17469,8562
2664,17587,8620
2665,17254,8645
2666,17512,8576
2667,17786,8595
2668,17792,8499
2669,17846,8584
2670,17566,8538
2671,17712,8492
2672,17407,8565
2673,18152,8530
2674,18093,8534
2675,18030,8494
2676,18319,8524
2677,18687,8475
2678,18783,8509
2679,18688,8544
2680,18315,8518
2681,18340,8474
2682,18052,8480
2683,18603,8497
2684,18681,8510
2685,18546,8442
2686,19095,8492
2687,19372,8513
2688,19579,8581
2689,19567,8484
2690,19304,8488
2691,19136,8582
2692,18943,8555
2693,19266,8568
2694,19130,8603
2695,19116,8646
2696,19830,8705
2697,20245,8702
2698,20388,8632
2699,20138,8759
2700,19599,8801
2701,19508,8769
2702,19111,8785
2703,19357,8818
2704,19364,8761
2705,19183,8854
2706,19976,8838
2707,20357,8887
2708,20499,8873
2709,20580,8900
2710,19966,9031
2711,19785,8956
2712,19407,8940
2713,19650,9063
2714,19438,9046
2715,19339,8929
2716,20206,9089
2717,20556,9067
2718,20756,9104
2719,20901,9125
2720,20288,9165
2721,19952,9192
2722,19699,9139
2723,20060,9164
2724,19947,9282
2725,19842,9109
2726,20570,9167
2727,20944,9156
2728,21037,9327
2729,20927,9257
2730,20336,9272
2731,20142,9285
2732,20008,9301
2733,20141,9288
2734,19853,9447
2735,19505,9249
2736,19935,9392
2737,20209,9428
2738,20247,9544
2739,20074,9444
2740,19300,9555
2741,18905,9586
2742,18566,9592
2743,18783,9670
2744,18390,9662
2745,18039,9775
2746,18070,9759
2747,18155,9742
2748,18140,9846
2749,18043,9828
2750,17251,9851
2751,16891,9878
2752,16844,9896
2753,16797,9941
2754,16635,9984
2755,16216,9891
2756,16473,9886
2757,16412,9855
2758,16619,9915
2759,16483,9870
2760,15977,9817
2761,15881,9806
2762,15755,9834
2763,15903,9706
2764,15715,9790
2765,15455,9584
2766,15649,9593
2767,15868,9634
2768,16011,9641
2769,15951,9486
2770,15336,9433
2771,15263,9415
2772,15305,9353
2773,15607,9380
2774,15369,9360
2775,15289,9304
2776,15453,9258
2777,15821,9274
2778,15890,9161
2779,15914,9090
2780,15553,9107
2781,15461,9098
2782,15389,9071
2783,15741,8939
2784,15783,8972
2785,15608,8858
2786,15685,8969
2787,15959,8880
2788,16134,8898
2789,16188,8910
2790,15782,8852
2791,15571,8720
2792,15681,8744
2793,15985,8738
2794,15843,8784
2795,15709,8623
2796,15886,8591
2797,16102,8549
2798,16250,8535
2799,16334,8514
2800,15880,8429
2801,15875,8475
2802,15868,8427
2803,16112,8442
2804,16040,8460
2805,15886,8396
2806,16052,8401
2807,16347,8348
2808,16320,8407
2809,16560,8386
2810,16075,8354
2811,16075,8334
2812,16060,8360
2813,16316,8348
2814,16141,8301
2815,15812,8282
2816,16132,8351
2817,16279,8239
2818,16216,8257
2819,16377,8168
2820,15854,8362
2821,15938,8297
2822,15965,8180
2823,16387,8287
2824,16393,8177
2825,16157,8105
2826,16428,8138
2827,16805,8023
2828,16765,8115
2829,16940,8110
2830,16677,8076
2831,16633,8050
2832,16554,8030
2833,16981,7992
2834,16841,8045
2835,16555,7956
2836,16976,8067
2837,17337,8018
2838,17369,8085
2839,17523,8073
2840,17084,8092
2841,17209,8047
2842,17025,8063
2843,17337,8180
2844,17024,8139
2845,16808,8128
2846,17208,8110
2847,17513,8199
2848,17347,8205
2849,17330,8206
2850,16945,8262
2851,17040,8275
2852,16732,8278
2853,17041,8293
2854,16654,8359
2855,16341,8306
2856,16801,8337
2857,17057,8345
2858,16809,8384
2859,16749,8400
2860,16347,8407
2861,16176,8526
2862,15947,8424
2863,16193,8450
2864,15744,8446
2865,15588,8449
2866,15745,8521
2867,16091,8464
2868,15929,8443
2869,15949,8435
2870,15647,8464
2871,15462,8524
2872,15288,8447
2873,15555,8540
2874,15313,8483
2875,15237,8488
2876,15448,8496
2877,15734,8424
2878,15618,8458
2879,15650,8470
2880,15442,8436
2881,15273,8405
2882,15188,8503
2883,15654,8385
2884,15402,8441
2885,15180,8411
2886,15513,8376
2887,15938,8403
2888,15980,8343
2889,16299,8300
2890,15851,8251
2891,15906,8307
2892,15708,8299
2893,16057,8228
2894,15815,8182
2895,15804,8087
2896,16258,8139
2897,16834,8106
2898,16987,8081
2899,17320,8223
2900,17077,8170
2901,16951,8143
2902,16825,8097
2903,17284,8138
2904,17220,8090
2905,17235,8001
2906,17575,8029
2907,18336,8025
2908,18421,8108
2909,18793,8087
2910,18510,7986
2911,18368,7989
2912,18225,8005
2913,18691,8060
2914,18453,7953
2915,18385,8068
2916,18712,7990
2917,19379,8068
2918,19579,8041
2919,19831,8094
2920,19423,8177
2921,19108,8250
2922,18821,8259
2923,19232,8286
2924,18928,8264
2925,18702,8303
2926,18866,8390
2927,19712,8428
2928,19770,8488
2929,20068,8445
2930,19595,8467
2931,19459,8506
2932,19036,8481
2933,19386,8590
2934,19127,8602
2935,18897,8645
2936,18907,8690
2937,19822,8737
2938,19888,8721
2939,20059,8853
2940,19804,8792
2941,19578,8834
2942,19119,8740
2943,19590,8822
2944,19340,8934
2945,19016,8901
2946,19196,8848
2947,19954,8957
2948,20233,9007
2949,20608,8887
2950,20069,9022
2951,19915,8986
2952,19495,8980
2953,19950,9020
2954,19518,9061
2955,19289,9005
2956,19436,8940
2957,20233,9008
2958,20464,9118
2959,20799,9144
2960,20276,9235
2961,20154,9239
2962,19748,9270
2963,20064,9233
2964,19742,9290
2965,19475,9295
2966,19635,9335
2967,20372,9345
2968,20763,9353
2969,21008,9407
2970,20657,9414
2971,20469,9449
2972,20035,9460
2973,20358,9521
2974,20129,9470
2975,19923,9610
2976,20012,9561
2977,20668,9521
2978,20886,9491
2979,21197,9612
2980,20763,9636
2981,20624,9663
2982,20183,9786
2983,20417,9796
2984,20051,9817
2985,19747,9750
2986,19709,9821
2987,20180,9799
2988,20371,9892
2989,20446,9865
2990,20038,9899
2991,20101,9901
2992,19551,9939
2993,19691,9938
2994,19280,9956
2995,18886,10039
2996,18761,10082
2997,19012,10052
2998,19067,10094
2999,18986,10119
3000,18597,10205
3001,18451,10103
3002,18098,10148
3003,18322,10170
3004,18062,10170
3005,17715,10128
3006,17724,10108
3007,18070,10094
3008,18044,10126
3009,18082,10058
3010,17764,10168
3011,17837,10062
3012,17424,10077
3013,17806,10003
3014,17551,9992
3015,17144,9990
3016,17219,10079
3017,17441,9974
3018,17588,9948
3019,17535,9917
3020,17286,9947
3021,17503,9930
3022,17287,9878
3023,17631,9819
3024,17421,9837
3025,16917,9850
3026,17139,9720
3027,17540,9694
3028,17618,9685
3029,17574,9695
3030,17375,9652
3031,17597,9638
3032,17387,9698
3033,17631,9718
3034,17316,9637
3035,16889,9673
3036,16866,9635
3037,17246,9613
3038,17414,9628
3039,17293,9588
3040,16968,9631
3041,17024,9519
3042,16893,9445
3043,17232,9522
3044,16854,9444
3045,16590,9454
3046,16605,9447
3047,16917,9419
3048,16974,9407
3049,16626,9385
3050,16487,9326
3051,16520,9367
3052,16330,9338
3053,16820,9306
3054,16556,9354
3055,16124,9285
3056,16298,9254
3057,16632,9166
3058,16678,9187
3059,16308,9222
3060,16147,9085
3061,16090,9197
3062,15999,9115
3063,16307,9031
3064,15990,9000
3065,15810,8959
3066,15963,8965
3067,16298,8991
3068,16462,8962
3069,16398,8914
3070,15932,8947
3071,15935,8970
3072,15634,8912
3073,16043,8874
3074,15789,8871
3075,15444,8900
3076,15477,8824
3077,15764,8838
3078,15935,8844
3079,15954,8823
3080,15611,8785
3081,15463,8723
3082,15436,8732
3083,15621,8820
3084,15335,8688
3085,15080,8730
3086,14975,8626
3087,15590,8629
3088,15741,8703
3089,15849,8612
3090,15532,8577
3091,15332,8570
3092,15227,8515
3093,15633,8508
3094,15452,8510
3095,14975,8485
3096,15020,8401
3097,15704,8435
3098,16079,8354
3099,16316,8426
3100,16073,8351
3101,15766,8319
3102,15639,8289
3103,16106,8223
3104,15900,8253
3105,15632,8197
3106,15585,8137
3107,16259,8182
3108,16822,8162
3109,16989,8172
3110,16817,8132
3111,16656,8106
3112,16530,8058
3113,16959,7997
3114,16671,8033
3115,16698,7990
3116,16682,7962
3117,17542,8032
3118,18238,7977
3119,18321,7966
3120,18037,7905
3121,17885,7999
3122,17613,7968
3123,18162,8035
3124,18047,7964
3125,17980,8027
3126,18048,7957
3127,19047,7894
3128,19551,7892
3129,19615,7971
3130,19151,7989
3131,18882,7934
3132,18552,7913
3133,18951,7981
3134,18838,7965
3135,18752,8032
3136,18657,7979
3137,19678,8049
3138,20253,8074
3139,20318,8162
3140,19762,8095
3141,19614,8199
3142,19146,8215
3143,19645,8163
3144,19564,8236
3145,19397,8329
3146,19284,8333
3147,20310,8370
3148,20816,8351
3149,20825,8453
3150,20276,8489
3151,19973,8499
3152,19421,8523
3153,19755,8551
3154,19658,8618
3155,19489,8561
3156,19282,8665
3157,20181,8760
3158,20481,8771
3159,20617,8890
3160,19971,8857
3161,19733,8850
3162,19350,8846
3163,19825,9025
3164,19763,8946
3165,19551,9033
3166,19218,8980
3167,19954,9032
3168,20477,9088
3169,20540,9052
3170,19879,9165
3171,19702,9158
3172,19262,9214
3173,19779,9127
3174,19633,9258
3175,19464,9303
3176,19240,9246
3177,19864,9252
3178,20232,9259
3179,20341,9319
3180,19835,9313
3181,19676,9271
3182,19376,9343
3183,19865,9304
3184,19787,9351
3185,19618,9311
3186,19427,9341
3187,19982,9285
3188,20333,9329
3189,20540,9395
3190,20181,9404
3191,20192,9483
3192,19815,9399
3193,20332,9420
3194,20298,9497
3195,20099,9456
3196,19873,9469
3197,20536,9458
3198,20919,9499
3199,20931,9580
3200,20727,9546
3201,20667,9562
3202,20353,9537
3203,20895,9531
3204,20754,9497
3205,20463,9466
3206,20345,9633
3207,20791,9619
3208,21056,9561
3209,21098,9649
3210,20658,9731
3211,20594,9702
3212,20151,9748
3213,20450,9773
3214,20126,9825
3215,19705,9779
3216,19525,9752
3217,19957,9794
3218,20172,9829
3219,20154,9829
3220,19855,9781
3221,19771,9909
3222,19437,9886
3223,19628,9861
3224,19313,9820
3225,18859,9934
3226,18744,9953
3227,18954,9949
3228,19072,10033
3229,19078,10001
3230,18660,9987
3231,18341,10106
3232,17933,10090
3233,18050,10112
3234,17598,10097
3235,17056,10190
3236,16929,10147
3237,17287,10132
3238,17353,10073
3239,17284,10114
3240,16843,10183
3241,16390,10221
3242,15933,10151
3243,15825,10217
3244,15527,10200
3245,15110,10115
3246,14888,10141
3247,15291,10227
3248,15454,10104
3249,15364,10131
3250,15085,10146
3251,14792,10103
3252,14459,9943
3253,14368,9958
3254,13976,9898
3255,13728,9879
3256,13659,9849
3257,14290,9786
3258,14488,9766
3259,14529,9720
3260,14530,9609
3261,14361,9571
3262,14014,9515
3263,13982,9465
3264,13678,9398
3265,13343,9307
3266,13289,9156
3267,13943,9240
3268,14268,9120
3269,14382,9190
3270,14314,9165
3271,14025,9075
3272,13768,9010
3273,13545,9063
3274,13238,8877
3275,12989,8851
3276,13025,8715
3277,13802,8788
3278,14171,8738
3279,14240,8714
3280,14379,8660
3281,14198,8565
3282,13922,8590
3283,13741,8469
3284,13540,8391
3285,13265,8443
3286,13401,8336
3287,14276,8304
3288,14701,8266
3289,14929,8200
3290,15107,8184
3291,14981,8087
3292,14749,7976
3293,14620,7945
3294,14401,7860
3295,14193,7907
3296,14376,7734
3297,15463,7726
3298,15771,7700
3299,16236,7648
3300,16502,7649
3301,16490,7686
3302,16273,7565
3303,16376,7594
3304,16038,7593
3305,15967,7596
3306,15993,7491
3307,17113,7464
3308,17666,7405
3309,18134,7398
3310,18353,7352
3311,18232,7432
3312,17986,7397
3313,17973,7425
3314,17608,7403
3315,17263,7474
3316,17492,7286
3317,18516,7415
3318,18928,7368
3319,19370,7383
3320,19483,7440
3321,19310,7470
3322,19118,7433
3323,18874,7495
3324,18366,7543
3325,18137,7605
3326,18033,7620
3327,19002,7639
3328,19476,7720
3329,19830,7693
3330,19740,7790
3331,19411,7820
3332,19036,7820
3333,18832,7978
3334,18201,8005
3335,17816,8069
3336,17822,8106
3337,18801,8138
3338,19362,8235
3339,19657,8239
3340,19712,8254
3341,19534,8295
3342,19241,8271
3343,19014,8358
3344,18575,8394
3345,18266,8458
3346,18247,8404
3347,19343,8390
3348,20042,8493
3349,20297,8469
3350,20205,8560
3351,20140,8511
3352,19758,8736
3353,19609,8712
3354,19176,8741
3355,18899,8734
3356,18899,8709
3357,19864,8811
3358,20586,8811
3359,20910,8769
3360,20876,8798
3361,20818,8887
3362,20521,8902
3363,20330,9016
3364,19843,9008
3365,19588,9040
3366,19244,9070
3367,20341,9085
3368,20855,9122
3369,21165,9227
3370,21013,9227
3371,20818,9253
3372,20240,9325
3373,20204,9350
3374,19718,9336
3375,19465,9387
3376,19371,9451
3377,20152,9565
3378,20791,9479
3379,21115,9527
3380,20834,9541
3381,20637,9539
3382,20246,9580
3383,20329,9575
3384,20003,9632
3385,19683,9672
3386,19297,9629
3387,19952,9583
3388,20564,9631
3389,20990,9674
3390,20649,9682
3391,20450,9786
3392,19943,9849
3393,20047,9778
3394,19831,9822
3395,19492,9886
3396,19086,9888
3397,19617,9811
3398,20081,9868
3399,20435,9983
3400,19962,9927
3401,19786,9893
3402,19187,9977
3403,19451,10020
3404,19190,9973
3405,18772,10025
3406,18426,9980
3407,18930,10106
3408,19318,10023
3409,19823,10080
3410,19640,10054
3411,19194,10030
3412,18700,10066
3413,19169,10109
3414,18905,10061
3415,18476,10055
3416,18176,10077
3417,18614,10084
3418,18882,10078
3419,19313,10138
3420,19037,10091
3421,18707,10088
3422,18288,10142
3423,18740,10046
3424,18430,10117
3425,18155,9982
3426,17825,9975
3427,18228,10003
3428,18584,9943
3429,19240,9948
3430,18999,9933
3431,18698,9961
3432,18189,9837
3433,18496,9944
3434,18192,10001
3435,17727,9969
3436,17381,9845
3437,17797,9899
3438,18001,9891
3439,18512,9849
3440,18367,9975
3441,18113,9975
3442,17591,9795
3443,17764,9794
3444,17431,9840
3445,17200,9739
3446,16908,9694
3447,17314,9760
3448,17296,9666
3449,17746,9747
3450,17692,9681
3451,17524,9763
3452,16996,9708
3453,17005,9719
3454,16613,9725
3455,16150,9705
3456,15718,9643
3457,16082,9671
3458,16066,9631
3459,16491,9696
3460,16488,9675
3461,16219,9632
3462,15761,9556
3463,15541,9642
3464,15206,9579
3465,14770,9642
3466,14412,9515
3467,14811,9538
3468,14885,9467
3469,15411,9517
3470,15479,9425
3471,15294,9480
3472,15027,9349
3473,14814,9409
3474,14333,9346
3475,14043,9368
3476,13723,9209
3477,14237,9222
3478,14368,9090
3479,14951,9131
3480,14914,9099
3481,14870,9055
3482,14568,9058
3483,14519,9035
3484,14051,8940
3485,13772,8860
3486,13397,8831
3487,13958,8805
3488,14386,8813
3489,14960,8729
3490,15176,8738
3491,15035,8685
3492,14874,8682
3493,14756,8591
3494,14268,8464
3495,14047,8416
3496,13886,8457
3497,14409,8351
3498,14744,8309
3499,15380,8246
3500,15680,8257
3501,15600,8250
3502,15350,8171
3503,15344,8138
3504,14847,8149
3505,14700,8105
3506,14479,8043
3507,14968,8026
3508,15612,7946
3509,16135,7905
3510,16449,7836
3511,16529,7845
3512,16328,7865
3513,16240,7896
3514,15845,7838
3515,15673,7845
3516,15576,7760
3517,16225,7662
3518,16989,7681
3519,17570,7739
3520,17912,7743
3521,18014,7711
3522,17866,7669
3523,17804,7677
3524,17417,7777
3525,17013,7700
3526,16827,7671
3527,17630,7676
3528,18388,7683
3529,18850,7709
3530,19133,7710
3531,19345,7676
3532,19196,7695
3533,19090,7782
3534,18778,7729
3535,18499,7774
3536,18381,7768
3537,19119,7786
3538,19894,7841
3539,20283,7861
3540,20576,7847
3541,20644,7893
3542,20418,7829
3543,20301,7941
3544,20066,7969
3545,19633,8030
3546,19409,8075
3547,19942,8155
3548,20671,8309
3549,21089,8277
3550,21148,8292
3551,21033,8425
3552,20808,8402
3553,20745,8422
3554,20274,8509
3555,19989,8520
3556,19591,8549
3557,20212,8519
3558,20939,8543
3559,21439,8706
3560,21207,8731
3561,21229,8754
3562,20679,8847
3563,20482,8863
3564,20139,8960
3565,19721,8950
3566,19229,8927
3567,19671,9072
3568,20399,8998
3569,20794,9087
3570,20585,9095
3571,20441,9236
3572,19688,9277
3573,19412,9450
3574,19089,9371
3575,18612,9429
3576,18271,9373
3577,18812,9445
3578,19624,9480
3579,20266,9451
3580,20148,9518
3581,19919,9553
3582,19303,9490
3583,19322,9512
3584,19092,9411
3585,18658,9531
3586,18385,9449
3587,18863,9477
3588,19645,9490
3589,20576,9527
3590,20489,9629
3591,20397,9585
3592,19858,9524
3593,19893,9533
3594,19808,9573
3595,19660,9589
3596,19376,9562
3597,19823,9573
3598,20556,9459
3599,21469,9502
3600,21638,9539
3601,21270,9708
3602,20970,9671
3603,20827,9626
3604,20766,9672
3605,20639,9632
3606,20424,9694
3607,20767,9683
3608,21289,9618
3609,22062,9676
3610,22112,9651
3611,21792,9701
3612,21205,9773
3613,21130,9753
3614,21040,9778
3615,20887,9806
3616,20664,9838
3617,20933,9858
3618,21413,9861
3619,21956,9911
3620,21776,9947
3621,21299,10022
3622,20764,9999
3623,20580,10061
3624,20503,10077
3625,20334,10091
3626,19851,10167
3627,20232,10251
3628,20405,10286
3629,20842,10295
3630,20562,10232
3631,20168,10380
3632,19539,10343
3633,19472,10307
3634,19241,10270
3635,18749,10301
3636,18389,10328
3637,18507,10363
3638,18706,10288
3639,18894,10331
3640,18672,10410
3641,18327,10411
3642,17633,10445
3643,17596,10460
3644,17296,10414
3645,16913,10359
3646,16591,10392
3647,16952,10297
3648,17050,10316
3649,17120,10333
3650,16735,10360
3651,16666,10276
3652,16137,10471
3653,16122,10317
3654,15816,10303
3655,15416,10296
3656,15035,10330
3657,15373,10292
3658,15614,10288
3659,15759,10180
3660,15655,10239
3661,15386,10181
3662,15000,10139
3663,14822,10108
3664,14484,10054
3665,14088,10075
3666,13683,9920
3667,14145,9957
3668,14477,9825
3669,14632,9888
3670,14599,9861
3671,14608,9802
3672,14061,9736
3673,13874,9710
3674,13567,9722
3675,13138,9606
3676,12864,9530
3677,13511,9472
3678,13998,9478
3679,14264,9343
3680,14602,9263
3681,14454,9229
3682,14023,9183
3683,14020,9127
3684,13689,9082
3685,13386,9057
3686,13112,8912
3687,14028,8842
3688,14597,8824
3689,15063,8791
3690,15193,8701
3691,15216,8674
3692,14771,8636
3693,14692,8489
3694,14336,8438
3695,14196,8524
3696,13822,8521
3697,14671,8409
3698,15470,8390
3699,15801,8367
3700,16195,8282
3701,16086,8300
3702,15611,8322
3703,15514,8241
3704,15175,8215
3705,15051,8140
3706,14783,8162
3707,15819,8010
3708,16648,8025
3709,17148,7961
3710,17579,7930
3711,17728,7856
3712,17346,7879
3713,17269,7821
3714,16965,7812
3715,16763,7792
3716,16470,7797
3717,17450,7858
3718,18359,7728
3719,18829,7792
3720,19154,7800
3721,19202,7834
3722,18699,7897
3723,18641,7831
3724,18139,7947
3725,17915,7876
3726,17427,7907
3727,18238,7932
3728,19072,7967
3729,19443,8067
3730,19524,8053
3731,19490,8070
3732,18938,8075
3733,18770,8127
3734,18244,8136
3735,17943,8134
3736,17379,8140
3737,18264,8264
3738,18970,8229
3739,19473,8186
3740,19494,8241
3741,19530,8303
3742,18842,8254
3743,18708,8429
3744,18228,8502
3745,17805,8504
3746,17359,8421
3747,18294,8526
3748,19012,8576
3749,19484,8598
3750,19466,8573
3751,19387,8590
3752,18985,8625
3753,18847,8625
3754,18411,8598
3755,18092,8548
3756,17675,8628
3757,18464,8664
3758,19235,8689
3759,19736,8776
3760,19720,8730
3761,19830,8756
3762,19288,8787
3763,18990,8819
3764,18496,8889
3765,18031,8839
3766,17637,8914
3767,18408,8895
3768,19260,8965
3769,19810,8918
3770,19797,8983
3771,19744,8988
3772,19047,9044
3773,18739,9051
3774,18436,9084
3775,17908,9154
3776,17483,9208
3777,17958,9182
3778,18751,9174
3779,19369,9274
3780,19258,9276
3781,19343,9268
3782,18927,9282
3783,18798,9326
3784,18382,9225
3785,17919,9334
3786,17398,9357
3787,17740,9381
3788,18565,9315
3789,19522,9297
3790,19447,9378
3791,19469,9418
3792,18937,9421
3793,18837,9453
3794,18689,9514
3795,18249,9414
3796,17692,9359
3797,18186,9318
3798,18774,9314
3799,19644,9408
3800,19506,9381
3801,19530,9421
3802,18981,9412
3803,19053,9388
3804,18769,9377
3805,18506,9426
3806,18052,9458
3807,18184,9440
3808,18679,9429
3809,19591,9471
3810,19552,9440
3811,19479,9438
3812,18918,9503
3813,19023,9545
3814,18663,9510
3815,18377,9566
3816,17881,9471
3817,17933,9514
3818,18210,9464
3819,19097,9492
3820,19068,9449
3821,18945,9593
3822,18287,9583
3823,18468,9558
3824,18019,9608
3825,17728,9535
3826,17189,9537
3827,17300,9532
3828,17575,9584
3829,18154,9650
3830,17931,9590
3831,17886,9642
3832,17353,9645
3833,17425,9724
3834,16902,9673
3835,16547,9819
3836,16099,9662
3837,16090,9705
3838,16359,9594
3839,16836,9678
3840,16556,9636
3841,16462,9658
3842,16061,9563
3843,16135,9528
3844,15697,9557
3845,15396,9592
3846,14964,9532
3847,15016,9545
3848,15274,9448
3849,15805,9493
3850,15674,9465
3851,15441,9452
3852,14926,9513
3853,15148,9466
3854,14708,9421
3855,14388,9406
3856,13963,9290
3857,14029,9358
3858,14277,9312
3859,14864,9332
3860,14827,9267
3861,14673,9235
3862,14374,9216
3863,14459,9203
3864,14184,9091
3865,14091,9140
3866,13689,9033
3867,13601,8952
3868,13969,8934
3869,14755,8950
3870,14769,8923
3871,14844,8766
3872,14456,8743
3873,14528,8780
3874,14248,8608
3875,14126,8605
3876,13701,8501
3877,13865,8478
3878,14382,8361
3879,15091,8439
3880,15292,8376
3881,15258,8374
3882,15012,8308
3883,15090,8283
3884,14864,8262
3885,14612,8189
3886,14356,8227
3887,14479,8123
3888,15162,8171
3889,16105,7981
3890,16449,8011
3891,16548,8042
3892,16517,7952
3893,16640,7904
3894,16286,7909
3895,16030,7884
3896,15715,7737
3897,15904,7753
3898,16817,7738
3899,17575,7768
3900,17985,7767
3901,18287,7696
3902,18263,7702
3903,18555,7706
3904,18041,7660
3905,17862,7627
3906,17351,7572
3907,17680,7572
3908,18750,7569
3909,19639,7511
3910,20116,7565
3911,20502,7612
3912,20714,7465
3913,20767,7577
3914,20477,7639
3915,20216,7577
3916,19867,7540
3917,20235,7581
3918,21406,7572
3919,22210,7606
3920,22777,7599
3921,23174,7699
3922,23031,7669
3923,23143,7798
3924,22696,7807
3925,22328,7874
3926,21944,7816
3927,22351,7959
3928,23290,8012
3929,24166,8066
3930,24328,8148
3931,24496,8275
3932,24172,8234
3933,24376,8351
3934,23648,8413
3935,23116,8515
3936,22499,8580
3937,22693,8631
3938,23468,8701
3939,24296,8885
3940,24160,8837
3941,24246,9025
3942,23652,9073
3943,23347,9203
3944,22735,9191
3945,22288,9352
3946,21373,9454
3947,21584,9537
3948,22206,9614
3949,22870,9708
3950,22802,9656
3951,22729,9762
3952,22177,9835
3953,21842,10013
3954,21142,9921
3955,20796,10129
3956,20183,10065
3957,20350,10052
3958,20861,10050
3959,21660,10154
3960,21823,10141
3961,21685,10247
3962,21243,10247
3963,21054,10172
3964,20417,10239
3965,20311,10216
3966,19928,10287
3967,20269,10223
3968,20904,10280
3969,22099,10244
3970,22120,10273
3971,22125,10286
3972,21698,10403
3973,21491,10364
3974,20974,10327
3975,20816,10330
3976,20373,10349
3977,20892,10266
3978,21565,10347
3979,22488,10340
3980,22737,10424
3981,22520,10464
3982,21930,10486
3983,21749,10427
3984,21205,10405
3985,21058,10474
3986,20585,10424
3987,20860,10501
3988,21253,10417
3989,22205,10538
3990,22210,10520
3991,21818,10511
3992,21329,10544
3993,21029,10521
3994,20459,10511
3995,20047,10563
3996,19777,10643
3997,20048,10623
3998,20227,10615
3999,20585,10637
4000,20525,10677
4001,20066,10685
4002,19392,10745
4003,19114,10741
4004,18495,10859
4005,18100,10785
4006,17663,10780
4007,17982,10731
4008,18226,10811
4009,18432,10835
4010,18223,10737
4011,17870,10791
4012,17181,10855
4013,17062,10823
4014,16666,10850
4015,16524,10728
4016,16180,10711
4017,16473,10803
4018,16800,10662
4019,17164,10562
4020,16906,10604
4021,16566,10578
4022,16143,10447
4023,16111,10424
4024,15913,10407
4025,15849,10293
4026,15599,10316
4027,15838,10274
4028,16141,10188
4029,16578,10159
4030,16332,10139
4031,16010,10036
4032,15521,10111
4033,15716,9989
4034,15367,9919
4035,15291,9904
4036,15031,9831
4037,15190,9713
4038,15479,9769
4039,16023,9656
4040,15787,9759
4041,15449,9698
4042,15101,9524
4043,15170,9581
4044,14895,9573
4045,14915,9432
4046,14607,9347
4047,14665,9402
4048,14966,9316
4049,15423,9319
4050,15293,9313
4051,15015,9271
4052,14527,9248
4053,14465,9301
4054,14291,9199
4055,14134,9205
4056,13757,9098
4057,13831,9023
4058,14074,8937
4059,14683,8888
4060,14467,8838
4061,14488,8779
4062,14069,8808
4063,14149,8786
4064,13707,8663
4065,13593,8615
4066,13378,8541
4067,13398,8567
4068,13610,8501
4069,14082,8529
4070,13977,8475
4071,13996,8388
4072,13891,8365
4073,13938,8266
4074,13543,8242
4075,13473,8188
4076,13209,8189
4077,13327,8163
4078,13430,8047
4079,14090,8007
4080,14023,7951
4081,14278,7889
4082,14100,7904
4083,14269,7878
4084,14058,7870
4085,13929,7796
4086,13676,7774
4087,13990,7716
4088,14180,7676
4089,15019,7578
4090,15084,7555
4091,15572,7588
4092,15352,7585
4093,15456,7473
4094,15302,7456
4095,15257,7452
4096,14800,7444
4097,15044,7465
4098,15304,7366
4099,16232,7401
4100,16323,7421
4101,16642,7373
4102,16566,7421
4103,16792,7365
4104,16623,7342
4105,16406,7320
4106,16185,7180
4107,16423,7196
4108,16836,7177
4109,17808,7216
4110,17900,7265
4111,18383,7151
4112,18410,7199
4113,18561,7177
4114,18458,7208
4115,18332,7262
4116,18016,7288
4117,18495,7267
4118,18974,7203
4119,19898,7248
4120,20029,7209
4121,20572,7287
4122,20512,7308
4123,20708,7374
4124,20404,7313
4125,20363,7335
4126,19886,7395
4127,20351,7422
4128,20859,7433
4129,21840,7471
4130,21885,7559
4131,22290,7551
4132,22238,7608
4133,22505,7632
4134,22214,7700
4135,22088,7801
4136,21650,7799
4137,22051,7834
4138,22486,7799
4139,23343,7897
4140,23378,7924
4141,23691,8047
4142,23243,8080
4143,23374,8084
4144,23161,8193
4145,22929,8355
4146,22489,8319
4147,22913,8417
4148,23381,8484
4149,24112,8531
4150,23984,8623
4151,24126,8705
4152,23892,8750
4153,23530,8827
4154,23162,8849
4155,22905,8909
4156,22462,9021
4157,22734,9113
4158,23265,9139
4159,24008,9289
4160,23731,9316
4161,23746,9326
4162,23330,9452
4163,22776,9594
4164,22387,9639
4165,22195,9767
4166,21580,9742
4167,21679,9904
4168,22030,9942
4169,22765,10047
4170,22490,10060
4171,22382,10249
4172,21757,10318
4173,21301,10381
4174,20828,10333
4175,20598,10388
4176,20097,10445
4177,20272,10540
4178,20780,10506
4179,21330,10617
4180,20936,10646
4181,20820,10670
4182,20338,10636
4183,19793,10717
4184,19374,10726
4185,19110,10891
4186,18598,10838
4187,18846,10870
4188,19317,10897
4189,19789,10950
4190,19368,10968
4191,19131,11027
4192,18633,10991
4193,18300,10982
4194,17801,11013
4195,17739,10881
4196,17357,10864
4197,17445,10914
4198,18012,10940
4199,18352,10886
4200,17985,10925
4201,17711,10883
4202,17297,10808
4203,17026,10817
4204,16732,10789
4205,16460,10895
4206,16138,10834
4207,16308,10771
4208,16854,10626
4209,17201,10736
4210,16864,10640
4211,16534,10680
4212,16216,10639
4213,15972,10596
4214,15904,10600
4215,15751,10490
4216,15466,10516
4217,15715,10455
4218,16068,10440
4219,16405,10374
4220,16095,10385
4221,15951,10321
4222,15666,10309
4223,15469,10286
4224,15281,10211
4225,15300,10201
4226,15046,10098
4227,15287,10105
4228,15589,9997
4229,15980,9966
4230,15706,9820
4231,15663,9782
4232,15464,9679
4233,15376,9746
4234,15147,9626
4235,14901,9627
4236,14658,9522
4237,14850,9538
4238,15089,9427
4239,15440,9345
4240,15260,9392
4241,15318,9306
4242,14985,9291
4243,14922,9239
4244,14779,9165
4245,14732,9145
4246,14481,9078
4247,14575,9096
4248,14892,9040
4249,15314,8996
4250,15137,8875
4251,15059,8808
4252,14963,8820
4253,14956,8809
4254,14638,8773
4255,14577,8754
4256,14419,8680
4257,14630,8669
4258,14740,8653
4259,15246,8633
4260,15140,8486
4261,15224,8431
4262,15101,8457
4263,15309,8386
4264,15004,8396
4265,15001,8368
4266,14914,8296
4267,14994,8275
4268,15318,8188
4269,15784,8235
4270,15758,8125
4271,15976,8193
4272,15810,8133
4273,16069,8150
4274,15862,8039
4275,15686,8155
4276,15313,8051
4277,15482,8062
4278,15817,8005
4279,16378,8068
4280,16275,8057
4281,16505,8014
4282,16438,7923
4283,16628,7980
4284,16364,8022
4285,16379,7980
4286,16042,7909
4287,16044,7972
4288,16364,7968
4289,16982,7925
4290,17082,7973
4291,17364,7992
4292,17399,7953
4293,17682,8003
4294,17221,8011
4295,17334,7983
4296,16897,7979
4297,16967,7885
4298,17308,7935
4299,17917,7888
4300,18078,7892
4301,18484,7952
4302,18481,7887
4303,18831,7884
4304,18604,7988
4305,18277,7959
4306,18029,7963
4307,18060,7968
4308,18342,8086
4309,19036,8009
4310,19208,8029
4311,19725,8040
4312,19757,8041
4313,19978,8123
4314,19752,8183
4315,19641,8165
4316,19142,8193
4317,19109,8223
4318,19567,8197
4319,19896,8316
4320,20016,8277
4321,20354,8401
4322,20379,8408
4323,20531,8399
4324,20207,8398
4325,20171,8445
4326,19911,8593
4327,19814,8545
4328,20014,8588
4329,20438,8629
4330,20286,8614
4331,20563,8722
4332,20433,8717
4333,20611,8795
4334,20212,8900
4335,19926,8946
4336,19633,9053
4337,19605,8999
4338,19787,9012
4339,20212,9171
4340,19904,9225
4341,20064,9237
4342,19979,9247
4343,20043,9309
4344,19585,9280
4345,19330,9409
4346,19268,9286
4347,19437,9407
4348,19671,9410
4349,19899,9423
4350,19581,9408
4351,19483,9469
4352,19375,9474
4353,19384,9518
4354,19165,9527
4355,19017,9586
4356,18701,9607
4357,19017,9637
4358,19472,9680
4359,19547,9738
4360,18967,9670
4361,18988,9694
4362,18859,9729
4363,18743,9774
4364,18332,9838
4365,18235,9789
4366,18073,9741
4367,18360,9754
4368,18713,9727
4369,18858,9870
4370,18329,9897
4371,18160,9920
4372,17885,9873
4373,17671,9881
4374,17262,9944
4375,17293,9908
4376,17056,9906
4377,17336,9918
4378,17882,9869
4379,17870,9888
4380,17580,9893
4381,17457,9817
4382,17174,9939
4383,17017,9784
4384,16693,9820
4385,16773,9794
4386,16738,9818
4387,16986,9727
4388,17652,9763
4389,17807,9753
4390,17480,9744
4391,17450,9592
4392,17201,9533
4393,17179,9600
4394,16964,9545
4395,17037,9499
4396,16992,9410
4397,17422,9375
4398,18120,9294
4399,18351,9353
4400,18069,9301
4401,18233,9332
4402,17971,9212
4403,17970,9217
4404,17746,9207
4405,17861,9175
4406,17990,9256
4407,18402,9236
4408,19234,9261
4409,19409,9196
4410,19368,9213
4411,19240,9176
4412,19032,9161
4413,18973,9140
4414,18817,9062
4415,18781,9077
4416,18886,9082
4417,19264,9146
4418,19754,9012
4419,20096,9141
4420,19914,9091
4421,19887,9151
4422,19550,9157
4423,19405,9111
4424,19152,9128
4425,19157,9177
4426,18917,9141
4427,19300,9141
4428,19755,9201
4429,19890,9232
4430,19669,9174
4431,19761,9212
4432,19267,9229
4433,19161,9301
4434,18755,9341
4435,18488,9314
4436,18360,9293
4437,18623,9425
4438,18820,9452
4439,18914,9371
4440,18680,9450
4441,18810,9429
4442,18330,9401
4443,18268,9415
4444,18006,9358
4445,17775,9367
4446,17720,9404
4447,17881,9545
4448,18197,9504
4449,18438,9487
4450,18283,9396
4451,18443,9350
4452,18070,9379
4453,18044,9382
4454,17834,9377
4455,17587,9355
4456,17509,9381
4457,17640,9443
4458,17787,9396
4459,18093,9419
4460,17908,9456
4461,18050,9419
4462,17848,9409
4463,17889,9436
4464,17741,9434
4465,17542,9364
4466,17440,9402
4467,17455,9341
4468,17708,9348
4469,17963,9341
4470,17895,9289
4471,17980,9276
4472,17639,9278
4473,17671,9250
4474,17589,9320
4475,17331,9306
4476,17100,9208
4477,17105,9181
4478,17172,9271
4479,17540,9236
4480,17359,9155
4481,17285,9224
4482,17005,9183
4483,16787,9277
4484,16798,9241
4485,16606,9264
4486,16279,9267
4487,16242,9262
4488,16388,9181
4489,16773,9264
4490,16600,9249
4491,16424,9209
4492,15944,9168
4493,15969,9254
4494,15889,9166
4495,15786,9160
4496,15297,9139
4497,15232,9164
4498,15526,9125
4499,16122,9171
4500,15848,9114
4501,15603,9201
4502,15351,9128
4503,15165,9115
4504,15272,9008
4505,15130,9100
4506,14982,9027
4507,15007,8968
4508,15451,8976
4509,16104,8957
4510,16048,8868
4511,15964,8899
4512,15744,8736
4513,15722,8739
4514,15738,8740
4515,15690,8617
4516,15644,8603
4517,15800,8534
4518,16503,8477
4519,17351,8477
4520,17368,8465
4521,17451,8333
4522,17437,8399
4523,17423,8254
4524,17555,8296
4525,17560,8230
4526,17547,8212
4527,17656,8156
4528,18279,8088
4529,19350,8126
4530,19268,8033
4531,19383,8123
4532,19192,8123
4533,19259,8100
4534,19403,8008
4535,19227,8111
4536,19387,8051
4537,19422,8113
4538,20021,8096
4539,20824,8077
4540,20836,8059
4541,20912,8111
4542,20800,8102
4543,20612,8230
4544,20570,8265
4545,20405,8204
4546,20592,8248
4547,20607,8318
4548,21064,8291
4549,21737,8451
4550,21719,8404
4551,21779,8448
4552,21607,8453
4553,21329,8470
4554,21167,8516
4555,20778,8600
4556,21037,8599
4557,21094,8604
4558,21385,8621
4559,22069,8645
4560,21920,8785
4561,22066,8865
4562,21909,8900
4563,21643,8809
4564,21336,8985
4565,21094,9015
4566,21120,9038
4567,21083,9090
4568,21372,9142
4569,21796,9145
4570,21530,9187
4571,21545,9265
4572,21361,9327
4573,21046,9285
4574,20767,9432
4575,20450,9468
4576,20324,9562
4577,20263,9547
4578,20558,9648
4579,20866,9718
4580,20738,9648
4581,20693,9748
4582,20317,9824
4583,20032,9804
4584,19769,9824
4585,19471,9892
4586,19224,9853
4587,19172,9960
4588,19493,9930
4589,19937,10033
4590,19699,10149
4591,19608,10073
4592,19177,10102
4593,18876,10071
4594,18519,10118
4595,18339,10180
4596,18186,10133
4597,18348,10122
4598,18518,10050
4599,18961,10149
4600,18784,10164
4601,18692,10202
4602,18318,10081
4603,17885,10185
4604,17706,10128
4605,17401,10181
4606,17344,10138
4607,17657,10094
4608,18018,10141
4609,18576,10026
4610,18519,10095
4611,18404,10079
4612,17956,9991
4613,17611,9989
4614,17312,10003
4615,16987,10044
4616,16858,9929
4617,16918,9914
4618,17422,9871
4619,17846,9849
4620,17648,9814
4621,17569,9860
4622,17236,9839
4623,16791,9879
4624,16632,9873
4625,16208,9877
4626,16230,9879
4627,16150,9736
4628,16690,9752
4629,17167,9765
4630,17078,9616
4631,16903,9655
4632,16497,9663
4633,16150,9623
4634,15856,9690
4635,15780,9602
4636,15739,9539
4637,15750,9530
4638,16423,9499
4639,16712,9436
4640,16686,9424
4641,16658,9416
4642,16205,9389
4643,15881,9361
4644,15760,9281
4645,15539,9255
4646,15519,9190
4647,15542,9201
4648,16005,9215
4649,16296,9146
4650,16346,9081
4651,16257,9158
4652,15934,9028
4653,15722,9008
4654,15529,8933
4655,15264,8953
4656,15221,8943
4657,15180,8870
4658,15618,8903
4659,15949,8853
4660,15652,8851
4661,15780,8779
4662,15378,8727
4663,15283,8786
4664,14948,8683
4665,14758,8570
4666,14847,8653
4667,14852,8580
4668,15352,8522
4669,15672,8614
4670,15723,8554
4671,15889,8466
4672,15585,8505
4673,15566,8406
4674,15472,8445
4675,15152,8334
4676,15134,8404
4677,15158,8250
4678,15784,8394
4679,16125,8211
4680,16211,8192
4681,16421,8210
4682,16044,8141
4683,15946,8101
4684,15678,8028
4685,15360,8061
4686,15282,8087
4687,15281,8123
4688,15633,8057
4689,16050,8070
4690,16234,8048
4691,16405,8062
4692,15948,8048
4693,15872,7999
4694,15598,8064
4695,15250,7955
4696,14928,8044
4697,15016,7976
4698,15545,7975
4699,16082,7914
4700,16091,8033
4701,16409,7948
4702,16049,7971
4703,15839,7938
4704,15681,7990
4705,15431,7980
4706,15237,7938
4707,15214,7946
4708,15729,7971
4709,16154,7996
4710,16189,7933
4711,16745,7951
4712,16381,7949
4713,16309,7967
4714,16275,7893
4715,15971,7896
4716,15959,7889
4717,15992,7799
4718,16540,7806
4719,17102,7853
4720,17242,7807
4721,17591,7846
4722,17329,7820
4723,17125,7876
4724,17254,7840
4725,16958,7825
4726,16757,7745
4727,16912,7753
4728,17412,7747
4729,18044,7854
4730,18008,7765
4731,18259,7812
4732,18013,7876
4733,17799,7812
4734,17838,7898
4735,17489,7921
4736,17243,7936
4737,17328,7993
4738,17600,8076
4739,18152,8026
4740,18010,8075
4741,18308,8082
4742,18102,8119
4743,17765,8183
4744,17728,8193
4745,17375,8302
4746,16994,8155
4747,17166,8227
4748,17485,8211
4749,18100,8247
4750,18038,8328
4751,18334,8306
4752,18021,8329
4753,17897,8326
4754,18022,8222
4755,17728,8269
4756,17473,8284
4757,17437,8320
4758,18037,8322
4759,18716,8301
4760,18760,8299
4761,19049,8323
4762,18694,8253
4763,18530,8370
4764,18677,8436
4765,18545,8438
4766,17983,8458
4767,18141,8372
4768,18629,8435
4769,19237,8485
4770,19187,8485
4771,19285,8623
4772,18943,8577
4773,18806,8659
4774,19057,8682
4775,18647,8672
4776,18266,8712
4777,18243,8737
4778,18635,8780
4779,19197,8806
4780,19208,8829
4781,19305,8889
4782,19023,8909
4783,18847,8927
4784,18780,8936
4785,18323,8999
4786,18057,9001
4787,18227,9033
4788,18635,9136
4789,18927,9134
4790,18880,9046
4791,19068,9103
4792,18864,9072
4793,18704,9173
4794,18844,9063
4795,18500,9112
4796,18326,9074
4797,18454,9075
4798,19067,9037
4799,19466,9135
4800,19261,9151
4801,19424,9115
4802,19339,9098
4803,19177,9166
4804,19332,9089
4805,19104,9178
4806,19044,9174
4807,19416,9106
4808,20075,9160
4809,20353,9191
4810,20178,9114
4811,20359,9114
4812,20024,9184
4813,19848,9030
4814,19900,9095
4815,19603,9128
4816,19642,9171
4817,20161,9147
4818,20691,9132
4819,21010,9159
4820,20923,9206
4821,20923,9241
4822,20629,9204
4823,20205,9272
4824,20249,9216
4825,19852,9260
4826,19956,9243
4827,19863,9336
4828,20278,9400
4829,20501,9399
4830,20372,9402
4831,20325,9405
4832,20201,9484
4833,19809,9563
4834,19491,9583
4835,19178,9600
4836,19053,9558
4837,19131,9506
4838,19389,9646
4839,19581,9653
4840,19448,9704
4841,19444,9607
4842,19180,9688
4843,18924,9765
4844,18750,9753
4845,18267,9741
4846,18196,9706
4847,18195,9910
4848,18330,9689
4849,18623,9742
4850,18514,9754
4851,18449,9712
4852,18231,9730
4853,17890,9808
4854,17820,9789
4855,17391,9846
4856,17295,9798
4857,17230,9850
4858,17242,9768
4859,17643,9878
4860,17642,9858
4861,17760,9806
4862,17654,9797
4863,17349,9798
4864,17361,9749
4865,16854,9805
4866,16558,9784
4867,16321,9749
4868,16429,9615
4869,16775,9731
4870,16723,9715
4871,16946,9705
4872,16645,9798
4873,16395,9810
4874,16325,9760
4875,15820,9658
4876,15584,9676
4877,15401,9712
4878,15565,9631
4879,15688,9677
4880,15811,9736
4881,16066,9656
4882,15795,9583
4883,15526,9548
4884,15492,9598
4885,15197,9595
4886,14955,9489
4887,14699,9396
4888,14722,9426
4889,15033,9349
4890,15176,9320
4891,15505,9273
4892,15308,9262
4893,15238,9236
4894,15179,9167
4895,15121,9118
4896,14818,9029
4897,14556,8996
4898,14631,9031
4899,14969,9028
4900,15132,8979
4901,15543,8981
4902,15463,8913
4903,15328,8907
4904,15245,8881
4905,15206,8855
4906,15057,8867
4907,14893,8731
4908,14850,8746
4909,15154,8735
4910,15294,8624
4911,15802,8611
4912,15764,8641
4913,15554,8604
4914,15760,8541
4915,15707,8573
4916,15523,8458
4917,15402,8380
4918,15440,8454
4919,15564,8461
4920,15613,8329
4921,16015,8298
4922,15908,8391
4923,15885,8226
4924,15995,8220
4925,16110,8240
4926,15905,8224
4927,15833,8166
4928,15856,8171
4929,16118,8135
4930,16090,8090
4931,16551,8057
4932,16434,8132
4933,16571,8070
4934,16790,7984
4935,16848,8112
4936,16594,8016
4937,16417,7952
4938,16365,7992
4939,16680,7950
4940,16890,7932
4941,17363,7924
4942,17219,7922
4943,17256,7960
4944,17604,7905
4945,17581,7936
4946,17477,7980
4947,17156,7973
4948,17190,8057
4949,17465,8092
4950,17696,8049
4951,18113,8016
4952,18295,7978
4953,18222,7985
4954,18539,8117
4955,18525,8038
4956,18222,8104
4957,18016,8099
4958,18180,8023
4959,18749,8071
4960,19091,8049
4961,19557,8120
4962,19511,8076
4963,19454,8137
4964,19761,8133
4965,19822,8120
4966,19700,8116
4967,19540,8149
4968,19548,8189
4969,19993,8280
4970,20442,8253
4971,20886,8267
4972,20763,8302
4973,20786,8362
4974,20996,8410
4975,21035,8482
4976,20881,8518
4977,20704,8592
4978,20627,8633
4979,20927,8634
4980,21079,8715
4981,21491,8760
4982,21246,8846
4983,21066,8819
4984,21250,8855
4985,21134,8909
4986,20945,8950
4987,20707,9076
4988,20657,9081
4989,20767,9025
4990,20919,9182
4991,21254,9269
4992,20887,9262
4993,20791,9308
4994,20872,9460
4995,20829,9477
4996,20581,9492
4997,20288,9540
4998,20086,9625
4999,20123,9708
5000,20155,9660
5001,20443,9697
5002,20147,9672
5003,20101,9679
5004,20155,9761
5005,19864,9881
5006,19666,9884
5007,19703,9920
5008,19477,9921
5009,19346,9960
5010,19413,10032
5011,19410,10070
5012,19157,10092
5013,19120,10120
5014,19053,10102
5015,18819,10136
5016,18807,10150
5017,18762,10178
5018,18757,10170
5019,18752,10206
5020,18909,10166
5021,19133,10320
5022,18912,10220
5023,18757,10216
5024,19003,10156
5025,18603,10204
5026,18683,10227
5027,18765,10248
5028,18671,10194
5029,18986,10170
5030,18938,10129
5031,19170,10114
5032,18993,10095
5033,18856,10161
5034,19059,10182
5035,18786,10103
5036,18558,10094
5037,18704,9996
5038,18578,10072
5039,18578,10065
5040,18627,9982
5041,18989,9962
5042,18778,9974
5043,18707,9961
5044,18723,10034
5045,18464,9990
5046,18206,9954
5047,18088,9933
5048,17992,10007
5049,17810,10014
5050,17647,10009
5051,17883,9979
5052,17555,10027
5053,17405,10071
5054,17288,9984
5055,16964,9985
5056,16511,10039
5057,16281,10120
5058,15937,10112
5059,15811,10128
5060,15607,10107
5061,15801,10176
5062,15455,10067
5063,15336,10059
5064,15299,10122
5065,15004,10008
5066,14905,10083
5067,14644,10018
5068,14410,9935
5069,14479,9886
5070,14498,9777
5071,14640,9822
5072,14541,9681
5073,14395,9655
5074,14452,9566
5075,14310,9536
5076,14128,9487
5077,14073,9434
5078,13839,9365
5079,13714,9374
5080,13896,9350
5081,14164,9223
5082,14015,9181
5083,14119,9075
5084,14384,9048
5085,14244,8996
5086,14009,8986
5087,13864,9052
5088,13655,8887
5089,13651,8879
5090,13655,8809
5091,13846,8799
5092,13888,8689
5093,14001,8717
5094,14134,8651
5095,14127,8615
5096,13901,8605
5097,13823,8575
5098,13468,8588
5099,13580,8514
5100,13763,8490
5101,13909,8426
5102,13861,8373
5103,13895,8326
5104,14226,8280
5105,14310,8189
5106,14229,8246
5107,14107,8175
5108,13816,8097
5109,14241,8102
5110,14392,7994
5111,14746,7943
5112,14770,7854
5113,14877,7900
5114,15014,7803
5115,15491,7794
5116,15354,7740
5117,15324,7706
5118,15091,7619
5119,15469,7578
5120,15813,7565
5121,16155,7581
5122,16037,7543
5123,16090,7490
5124,16396,7519
5125,16690,7542
5126,16574,7440
5127,16589,7435
5128,16457,7466
5129,16852,7516
5130,17034,7391
5131,17568,7467
5132,17561,7382
5133,17704,7440
5134,17975,7378
5135,18294,7452
5136,18252,7363
5137,18323,7443
5138,18299,7361
5139,18650,7508
5140,18891,7376
5141,19455,7403
5142,19333,7392
5143,19425,7440
5144,19713,7476
5145,19940,7584
5146,19977,7592
5147,19980,7629
5148,19869,7622
5149,19902,7745
5150,20062,7668
5151,20735,7825
5152,20433,7701
5153,20471,7847
5154,20754,7803
5155,20965,7894
5156,21059,7874
5157,20958,7909
5158,20957,7940
5159,21086,8067
5160,21202,8056
5161,21694,8178
5162,21316,8077
5163,21393,8158
5164,21791,8223
5165,21929,8303
5166,21982,8315
5167,22037,8327
5168,21698,8477
5169,21785,8432
5170,21775,8472
5171,22145,8648
5172,21641,8570
5173,21726,8616
5174,22264,8676
5175,22386,8799
5176,22313,8871
5177,22152,8996
5178,21896,8988
5179,21853,9071
5180,22088,9113
5181,22457,9192
5182,22076,9260
5183,22048,9259
5184,22417,9305
5185,22578,9294
5186,22578,9351
5187,22457,9330
5188,22262,9422
5189,22023,9457
5190,22110,9490
5191,22608,9467
5192,21989,9576
5193,21996,9670
5194,22433,9742
5195,22394,9764
5196,22216,9880
5197,22025,9919
5198,21533,9941
5199,21574,9972
5200,21565,10104
5201,21893,10094
5202,21508,10024
5203,21429,10098
5204,21665,10169
5205,21586,10146
5206,21469,10285
5207,21333,10399
5208,20737,10337
5209,20753,10434
5210,20670,10381
5211,21060,10483
5212,20634,10496
5213,20621,10630
5214,20626,10564
5215,20608,10623
5216,20501,10633
5217,20238,10654
5218,19774,10671
5219,19746,10665
5220,19688,10685
5221,20050,10748
5222,19686,10738
5223,19782,10713
5224,19816,10782
5225,19601,10720
5226,19489,10685
5227,19249,10710
5228,18928,10697
5229,18779,10650
5230,18759,10674
5231,19164,10650
5232,19086,10639
5233,19278,10606
5234,19229,10678
5235,19103,10744
5236,18873,10636
5237,18928,10603
5238,18394,10647
5239,18232,10613
5240,18382,10596
5241,18738,10510
5242,18850,10434
5243,19010,10458
5244,18868,10373
5245,18918,10337
5246,18717,10373
5247,18617,10294
5248,18249,10299
5249,18068,10195
5250,18199,10239
5251,18590,10185
5252,18509,10149
5253,18733,10168
5254,18788,10127
5255,18931,10016
5256,18545,10126
5257,18325,10148
5258,17918,10070
5259,17733,10077
5260,17803,9978
5261,18072,10060
5262,18043,10073
5263,17967,9984
5264,17975,9941
5265,17995,10012
5266,17589,9999
5267,17372,9921
5268,16760,9934
5269,16657,9944
5270,16566,9948
5271,16594,9922
5272,16473,9884
5273,16331,9884
5274,16253,9850
5275,16476,9788
5276,16049,9836
5277,15547,9788
5278,15013,9744
5279,14964,9816
5280,14670,9741
5281,14676,9778
5282,14551,9751
5283,14351,9726
5284,14270,9778
5285,14315,9800
5286,14070,9794
5287,13538,9780
5288,13268,9710
5289,13193,9598
5290,13099,9516
5291,13153,9471
5292,13073,9397
5293,13029,9407
5294,13008,9334
5295,13323,9281
5296,13142,9146
5297,12765,9191
5298,12731,9063
5299,12808,9018
5300,12773,8980
5301,13057,8964
5302,13105,8830
5303,12971,8791
5304,13090,8636
5305,13600,8638
5306,13550,8563
5307,13336,8443
5308,13420,8294
5309,13660,8174
5310,13762,8173
5311,13951,8067
5312,14139,8031
5313,14269,7978
5314,14448,7918
5315,15052,7984
5316,15021,7812
5317,14850,7814
5318,14977,7792
5319,15444,7684
5320,15477,7697
5321,15480,7645
5322,15614,7567
5323,15826,7516
5324,16091,7445
5325,16607,7413
5326,16673,7435
5327,16500,7460
5328,16459,7360
5329,16796,7388
5330,16662,7364
5331,16945,7400
5332,16883,7410
5333,16910,7385
5334,17145,7418
5335,17664,7492
5336,17480,7508
5337,17330,7490
5338,17348,7431
5339,17816,7383
5340,17675,7477
5341,17871,7524
5342,17721,7467
5343,17740,7548
5344,17898,7490
5345,18318,7547
5346,18258,7559
5347,17960,7495
5348,17913,7640
5349,18214,7635
5350,18045,7589
5351,18206,7636
5352,18098,7585
5353,17986,7634
5354,18452,7629
5355,18932,7598
5356,18874,7645
5357,18780,7656
5358,18832,7634
5359,19181,7611
5360,19048,7713
5361,19379,7678
5362,19155,7824
5363,19158,7712
5364,19545,7764
5365,20046,7780
5366,19939,7798
5367,19927,7733
5368,19908,7730
5369,20273,7831
5370,20171,7857
5371,20531,7892
5372,20455,7844
5373,20555,7838
5374,20882,7807
5375,21272,7992
5376,21197,7956
5377,21090,8008
5378,21095,7966
5379,21441,8074
5380,21430,8110
5381,21529,8202
5382,21438,8197
5383,21418,8254
5384,21733,8273
5385,22067,8309
5386,21885,8415
5387,21887,8475
5388,21807,8467
5389,21923,8527
5390,21619,8588
5391,21977,8651
5392,21840,8699
5393,21768,8830
5394,21822,8818
5395,22184,8994
5396,22092,8890
5397,21954,8986
5398,21853,9003
5399,21976,9200
5400,21800,9144
5401,22203,9209
5402,22099,9258
5403,21998,9292
5404,22069,9320
5405,22536,9397
5406,22126,9455
5407,21936,9554
5408,21661,9628
5409,21622,9712
5410,21486,9702
5411,21616,9820
5412,21341,9878
5413,21208,9984
5414,21085,10089
5415,21456,10084
5416,21101,10161
5417,20736,10210
5418,20296,10160
5419,20191,10255
5420,19899,10281
5421,20113,10371
5422,19754,10412
5423,19457,10496
5424,19353,10553
5425,19437,10639
5426,19021,10630
5427,18746,10567
5428,18347,10482
5429,18280,10519
5430,18145,10535
5431,18431,10509
5432,18058,10542
5433,17874,10481
5434,17498,10519
5435,17611,10535
5436,17140,10557
5437,16862,10618
5438,16564,10527
5439,16464,10465
5440,16394,10564
5441,16792,10485
5442,16530,10562
5443,16228,10532
5444,15951,10439
5445,16010,10390
5446,15645,10277
5447,15219,10287
5448,15046,10300
5449,14807,10210
5450,14782,10180
5451,14977,10158
5452,14774,10139
5453,14553,10137
5454,14452,10007
5455,14558,10076
5456,14259,10005
5457,13982,9896
5458,13775,9896
5459,13633,9814
5460,13393,9827
5461,13749,9714
5462,13673,9692
5463,13434,9694
5464,13441,9565
5465,13723,9538
5466,13420,9501
5467,13189,9431
5468,13061,9361
5469,12864,9348
5470,12772,9284
5471,12782,9263
5472,12832,9228
5473,12628,9168
5474,12589,9008
5475,13000,9050
5476,12749,8958
5477,12628,8889
5478,12493,8750
5479,12365,8635
5480,12195,8748
5481,12384,8600
5482,12524,8549
5483,12348,8514
5484,12303,8501
5485,12954,8472
5486,12824,8353
5487,12643,8313
5488,12444,8287
5489,12533,8142
5490,12440,8097
5491,12689,8079
5492,12945,7986
5493,12897,7905
5494,13038,7766
5495,13843,7700
5496,13631,7712
5497,13622,7607
5498,13535,7588
5499,13900,7521
5500,13797,7582
5501,14006,7436
5502,14322,7463
5503,14379,7295
5504,14503,7218
5505,15476,7200
5506,15409,7259
5507,15167,7107
5508,15398,7084
5509,15546,7087
5510,15587,7050
5511,15809,7002
5512,16083,6999
5513,15919,7049
5514,16000,7036
5515,16927,7054
5516,16859,6995
5517,16783,6940
5518,16957,7068
5519,17275,7046
5520,17173,7048
5521,17207,6993
5522,17422,7060
5523,17396,7008
5524,17447,7019
5525,18267,7084
5526,18260,7089
5527,18073,7194
5528,18287,7161
5529,18469,7187
5530,18344,7182
5531,18309,7210
5532,18455,7157
5533,18384,7219
5534,18558,7167
5535,19373,7261
5536,19310,7314
5537,19119,7393
5538,19220,7473
5539,19310,7371
5540,19032,7502
5541,19053,7595
5542,19068,7645
5543,18911,7665
5544,19017,7680
5545,19792,7717
5546,19698,7762
5547,19350,7822
5548,19565,7891
5549,19549,7918
5550,19089,7979
5551,19013,8079
5552,19148,8044
5553,19005,8171
5554,18778,8169
5555,19615,8311
5556,19547,8394
5557,19294,8419
5558,19345,8483
5559,19391,8550
5560,19131,8575
5561,19023,8497
5562,19101,8615
5563,19081,8688
5564,18823,8662
5565,19731,8676
5566,19700,8743
5567,19474,8799
5568,19610,8750
5569,19754,8843
5570,19428,8942
5571,19360,8881
5572,19510,8919
5573,19530,8906
5574,19494,8930
5575,20472,8995
5576,20286,8985
5577,20142,9009
5578,20204,9041
5579,20181,9074
5580,20023,9091
5581,20203,8990
5582,20430,9080
5583,20446,9090
5584,20289,9012
5585,21052,9217
5586,21065,9207
5587,21017,9243
5588,20930,9222
5589,20999,9219
5590,20799,9248
5591,20780,9224
5592,21006,9358
5593,21007,9358
5594,20810,9396
5595,21510,9515
5596,21463,9604
5597,21188,9617
5598,21161,9617
5599,21042,9670
5600,20851,9693
5601,20875,9731
5602,20913,9747
5603,20623,9825
5604,20333,9902
5605,20954,9976
5606,20962,9846
5607,20932,9911
5608,20910,10022
5609,20664,10007
5610,20666,9973
5611,20460,9938
5612,20586,10041
5613,20271,10035
5614,19935,10086
5615,20403,10096
5616,20365,10193
5617,20280,10156
5618,20011,10300
5619,19820,10206
5620,19753,10255
5621,19687,10210
5622,19732,10265
5623,19378,10206
5624,18962,10176
5625,19355,10254
5626,19265,10314
5627,18877,10375
5628,18733,10318
5629,18499,10261
5630,18499,10243
5631,18344,10190
5632,18435,10299
5633,18141,10307
5634,17755,10370
5635,18070,10301
5636,17750,10325
5637,17572,10258
5638,17326,10250
5639,17228,10346
5640,17258,10263
5641,17266,10330
5642,17369,10252
5643,16925,10338
5644,16686,10215
5645,16715,10214
5646,16505,10233
5647,16328,10179
5648,16143,10181
5649,16083,10141
5650,16174,10063
5651,15968,10001
5652,16104,10010
5653,15737,9974
5654,15416,9940
5655,15608,9913
5656,15553,9812
5657,15327,9733
5658,15117,9619
5659,15136,9595
5660,15126,9617
5661,14986,9769
5662,14983,9636
5663,14700,9482
5664,14585,9607
5665,14746,9478
5666,14644,9458
5667,14488,9448
5668,14252,9439
5669,14268,9451
5670,14199,9295
5671,14103,9182
5672,14162,9218
5673,13934,9234
5674,13901,9119
5675,14063,9114
5676,14115,8972
5677,14142,8894
5678,13928,8860
5679,14295,8809
5680,14169,8834
5681,14043,8804
5682,14143,8770
5683,14248,8553
5684,14122,8609
5685,14539,8451
5686,14737,8488
5687,14742,8365
5688,14624,8255
5689,14869,8247
5690,15077,8195
5691,15095,8173
5692,15215,8154
5693,15277,8036
5694,15122,7971
5695,15655,7963
5696,15791,7966
5697,15862,7876
5698,15679,7904
5699,15791,7848
5700,15894,7896
5701,15770,7788
5702,15898,7762
5703,15929,7776
5704,15822,7714
5705,16262,7737
5706,16273,7818
5707,16376,7728
5708,16202,7683
5709,16318,7777
5710,16360,7758
5711,16404,7628
5712,16398,7721
5713,16508,7664
5714,16383,7611
5715,16960,7666
5716,17133,7636
5717,17106,7664
5718,17106,7582
5719,17260,7550
5720,17411,7624
5721,17324,7585
5722,17371,7563
5723,17500,7586
5724,17404,7586
5725,17883,7524
5726,18100,7568
5727,18200,7536
5728,18203,7498
5729,18470,7569
5730,18608,7617
5731,18504,7644
5732,18443,7642
5733,18661,7671
5734,18699,7557
5735,19247,7674
5736,19591,7596
5737,19477,7707
5738,19655,7657
5739,20005,7738
5740,20095,7736
5741,20041,7814
5742,20000,7815
5743,20071,7817
5744,20140,7798
5745,20697,7909
5746,20939,7842
5747,20821,7893
5748,21176,7922
5749,21358,7944
5750,21411,8074
5751,21303,7966
5752,21277,8102
5753,21221,8093
5754,21303,8151
5755,21676,8212
5756,21657,8195
5757,21525,8316
5758,21765,8349
5759,22022,8435
5760,21859,8463
5761,21840,8447
5762,21599,8718
5763,21592,8651
5764,21426,8605
5765,21791,8685
5766,21666,8837
5767,21445,8807
5768,21574,8813
5769,21671,9007
5770,21460,9016
5771,21389,8987
5772,21128,9137
5773,21109,9233
5774,21106,9248
5775,21749,9265
5776,21416,9382
5777,21188,9393
5778,21059,9397
5779,21222,9402
5780,21127,9459
5781,20896,9504
5782,20580,9625
5783,20625,9698
5784,20545,9726
5785,21105,9774
5786,21000,9829
5787,20677,9815
5788,20503,9950
5789,20513,9959
5790,20570,9978
5791,20522,9962
5792,20340,10008
5793,20392,10050
5794,20320,9913
5795,20754,9986
5796,20703,9978
5797,20516,9990
5798,20342,9981
5799,20470,10001
5800,20649,10008
5801,20704,10074
5802,20511,10086
5803,20502,10081
5804,20429,10050
5805,20810,10119
5806,20790,10126
5807,20629,10166
5808,20548,10245
5809,20749,10154
5810,20703,10117
5811,20701,10097
5812,20672,10167
5813,20682,10145
5814,20647,10110
5815,20851,10097
5816,20673,10116
5817,20613,10111
5818,20577,9973
5819,20802,10130
5820,20925,10068
5821,21093,10153
5822,20748,10053
5823,20691,10069
5824,20438,10052
5825,20611,10094
5826,20378,10145
5827,20399,10151
5828,20289,10123
5829,20651,10149
5830,20751,10117
5831,20783,10110
5832,20515,10079
5833,20321,10140
5834,20079,10075
5835,20100,10143
5836,19838,10193
5837,19728,10138
5838,19542,10156
5839,19841,10158
5840,19804,10204
5841,19877,10226
5842,19438,10248
5843,19128,10112
5844,18760,10189
5845,18919,10215
5846,18730,10230
5847,18492,10239
5848,18194,10275
5849,18266,10244
5850,18395,10226
5851,18177,10224
5852,17806,10205
5853,17455,10221
5854,17148,10154
5855,17194,10130
5856,17006,10194
5857,16709,10116
5858,16494,10150
5859,16495,10145
5860,16433,10061
5861,16292,9998
5862,15988,10043
5863,15701,10016
5864,15539,9954
5865,15686,9933
5866,15469,9920
5867,15272,9882
5868,15169,9889
5869,15155,9896
5870,14972,9898
5871,14905,9867
5872,14617,9833
5873,14489,9795
5874,14400,9791
5875,14673,9578
5876,14504,9708
5877,14413,9564
5878,14342,9608
5879,14283,9499
5880,14195,9564
5881,14229,9404
5882,13990,9353
5883,13842,9352
5884,13964,9292
5885,14315,9213
5886,14161,9145
5887,14214,9089
5888,14040,9113
5889,13880,8962
5890,13809,8973
5891,13837,8867
5892,13895,8877
5893,13844,8740
5894,14031,8791
5895,14535,8579
5896,14501,8592
5897,14530,8515
5898,14452,8449
5899,14550,8317
5900,14413,8386
5901,14496,8283
5902,14590,8231
5903,14553,8221
5904,14844,8211
5905,15322,8129
5906,15495,8158
5907,15490,8058
5908,15473,8021
5909,15586,7990
5910,15623,7938
5911,15823,7884
5912,15821,7864
5913,15707,7832
5914,15930,7754
5915,16339,7739
5916,16547,7658
5917,16556,7688
5918,16503,7666
5919,16798,7664
5920,16741,7645
5921,16996,7628
5922,17031,7673
5923,16951,7602
5924,17177,7609
5925,17561,7572
5926,17610,7588
5927,17499,7493
5928,17322,7590
5929,17644,7607
5930,17571,7626
5931,17876,7561
5932,17838,7620
5933,17709,7607
5934,17860,7591
5935,18165,7574
5936,18438,7598
5937,18085,7609
5938,17992,7528
5939,18201,7623
5940,18138,7653
5941,18456,7597
5942,18332,7642
5943,18363,7615
5944,18393,7710
5945,18665,7708
5946,18744,7727
5947,18405,7764
5948,18253,7827
5949,18458,7934
5950,18477,7925
5951,18736,7892
5952,18699,8011
5953,18631,7961
5954,18627,8014
5955,18832,7962
5956,18959,8147
5957,18661,8105
5958,18440,8096
5959,18866,8085
5960,18944,8115
5961,19245,8194
5962,19127,8115
5963,19054,8148
5964,19012,8171
5965,19100,8174
5966,19199,8172
5967,18932,8251
5968,18761,8327
5969,19080,8335
5970,19299,8337
5971,19843,8299
5972,19597,8389
5973,19411,8438
5974,19545,8378
5975,19642,8499
5976,19908,8507
5977,19509,8504
5978,19306,8564
5979,19584,8536
5980,19773,8573
5981,20355,8620
5982,20215,8651
5983,20009,8686
5984,20016,8859
5985,20154,8872
5986,20278,8872
5987,19980,8909
5988,19724,8968
5989,20233,8990
5990,20402,9007
5991,20814,9045
5992,20756,9039
5993,20731,8943
5994,20707,9032
5995,20867,8983
5996,21082,9070
5997,20750,9101
5998,20533,9092
5999,21026,9137
6000,21421,9124
6001,21823,9175
6002,21656,9176
6003,21565,9256
6004,21522,9325
6005,21669,9295
6006,21597,9374
6007,21393,9376
6008,21059,9378
6009,21544,9436
6010,21985,9442
6011,22326,9385
6012,22067,9471
6013,21969,9525
6014,21891,9522
6015,21729,9568
6016,21522,9796
6017,21113,9792
6018,20914,9757
6019,21100,9729
6020,21165,9849
6021,21522,9869
6022,21182,9933
6023,20719,10000
6024,20592,9996
6025,20519,10070
6026,20331,10110
6027,19984,10140
6028,19690,10146
6029,19896,10139
6030,19777,10201
6031,20012,10293
6032,19631,10304
6033,19160,10179
6034,19080,10271
6035,19102,10261
6036,19119,10339
6037,18878,10351
6038,18807,10338
6039,19081,10320
6040,19034,10347
6041,19128,10350
6042,18851,10378
6043,18375,10343
6044,18221,10415
6045,18128,10394
6046,18321,10342
6047,17945,10401
6048,17789,10313
6049,18181,10238
6050,18151,10247
6051,18356,10311
6052,17899,10316
6053,17429,10340
6054,17138,10377
6055,17271,10291
6056,17430,10334
6057,17136,10484
6058,16713,10477
6059,17105,10317
6060,16826,10383
6061,17036,10326
6062,16630,10355
6063,16270,10204
6064,16154,10232
6065,16223,10214
6066,16453,10217
6067,16189,10099
6068,15972,10148
6069,16136,10116
6070,15903,10033
6071,16059,10017
6072,15643,10049
6073,15204,10021
6074,14962,10040
6075,14925,9960
6076,15181,10021
6077,14889,9916
6078,14864,9891
6079,15012,9864
6080,14874,9763
6081,14880,9746
6082,14556,9724
6083,14099,9713
6084,13850,9610
6085,14059,9560
6086,14445,9533
6087,14426,9456
6088,14451,9507
6089,14745,9449
6090,14605,9326
6091,14733,9182
6092,14621,9208
6093,14219,9081
6094,14123,9065
6095,14243,8995
6096,14784,8982
6097,14812,8938
6098,14892,8811
6099,15207,8642
6100,15172,8728
6101,15469,8712
6102,15247,8696
6103,15159,8551
6104,15047,8508
6105,15386,8448
6106,15990,8563
6107,16017,8466
6108,15967,8357
6109,16292,8330
6110,16311,8330
6111,16664,8291
6112,16361,8305
6113,16101,8277
6114,16021,8221
6115,16249,8205
6116,16723,8173
6117,16848,8194
6118,16797,8214
6119,16964,8171
6120,16964,8225
6121,17295,8113
6122,16972,8206
6123,16799,8134
6124,16725,8156
6125,17056,8144
6126,17359,8185
6127,17542,8024
6128,17362,8025
6129,17653,8041
6130,17634,7984
6131,18126,7995
6132,17890,8051
6133,17715,8080
6134,17576,8074
6135,17762,8083
6136,17774,8166
6137,17832,8109
6138,17822,8179
6139,18008,8194
6140,17943,8179
6141,18563,8217
6142,18269,8184
6143,18024,8166
6144,17834,8260
6145,18067,8173
6146,18024,8221
6147,18004,8236
6148,17977,8157
6149,18461,8186
6150,18364,8216
6151,19136,8273
6152,18880,8224
6153,18632,8302
6154,18605,8326
6155,18834,8343
6156,18579,8349
6157,18726,8316
6158,18585,8412
6159,18906,8363
6160,18815,8416
6161,19675,8410
6162,19304,8537
6163,19397,8391
6164,19169,8464
6165,19201,8538
6166,19115,8599
6167,19049,8550
6168,18847,8585
6169,19163,8635
6170,19224,8587
6171,20028,8614
6172,19756,8700
6173,19766,8686
6174,19617,8724
6175,19487,8777
6176,19395,8710
6177,19291,8864
6178,18979,8821
6179,19499,8900
6180,19548,8910
6181,20351,8968
6182,20215,9076
6183,19987,9033
6184,19968,9058
6185,19764,9094
6186,19613,9091
6187,19488,9114
6188,19090,9071
6189,19637,9127
6190,19700,9102
6191,20553,9243
6192,20196,9269
6193,19875,9277
6194,19806,9320
6195,19675,9339
6196,19690,9232
6197,19452,9338
6198,18984,9247
6199,19736,9331
6200,19710,9307
6201,20319,9409
6202,20217,9448
6203,19952,9408
6204,19917,9460
6205,19957,9451
6206,19873,9499
6207,19611,9452
6208,19129,9520
6209,19601,9569
6210,19591,9513
6211,20200,9622
6212,19885,9735
6213,19563,9718
6214,19475,9767
6215,19483,9758
6216,19451,9743
6217,19066,9768
6218,18403,9785
6219,18762,9960
6220,18708,9935
6221,18974,10025
6222,18645,9993
6223,18270,10094
6224,18197,10154
6225,18226,10036
6226,18064,10166
6227,17478,10165
6228,16980,10114
6229,17595,10182
6230,17543,10101
6231,17844,10126
6232,17702,10112
6233,17395,10107
6234,17383,10131
6235,17456,10035
6236,17446,10018
6237,16973,10095
6238,16506,10005
6239,16933,10075
6240,17134,10054
6241,17464,10037
6242,17162,9980
6243,17043,9984
6244,16982,9980
6245,16943,10021
6246,16852,9915
6247,16401,9973
6248,16014,9969
6249,16508,9906
6250,16440,9826
6251,16789,9854
6252,16605,9897
6253,16469,9819
6254,16463,9802
6255,16537,9824
6256,16505,9678
6257,16151,9622
6258,16007,9544
6259,16314,9626
6260,16330,9609
6261,16688,9506
6262,16423,9564
6263,16322,9473
6264,16355,9456
6265,16488,9347
6266,16667,9469
6267,16412,9420
6268,16247,9353
6269,16508,9301
6270,16613,9196
6271,16936,9146
6272,16776,9188
6273,16675,9153
6274,16778,9138
6275,17009,9097
6276,17265,9071
6277,17138,8994
6278,16972,9025
6279,17272,8920
6280,17248,9013
6281,17562,8897
6282,17350,8932
6283,17308,8920
6284,17360,8852
6285,17440,8883
6286,17573,8878
6287,17501,8858
6288,17244,8846
6289,17225,8885
6290,17076,8831
6291,17235,8845
6292,16976,8833
6293,16814,8898
6294,16768,8926
6295,16643,8866
6296,16906,8913
6297,16726,8925
6298,16563,8923
6299,16508,8865
6300,16503,8895
6301,16565,8810
6302,16338,8883
6303,16070,8825
6304,16124,8827
6305,16120,8899
6306,16331,8754
6307,16245,8688
6308,16159,8771
6309,16251,8811
6310,16131,8771
6311,16422,8719
6312,16157,8790
6313,16019,8614
6314,16076,8617
6315,16079,8675
6316,16276,8697
6317,16297,8746
6318,16314,8539
6319,16380,8581
6320,16456,8548
6321,16861,8554
6322,16661,8511
6323,16514,8476
6324,16632,8521
6325,16619,8405
6326,16967,8451
6327,17058,8386
6328,17011,8363
6329,17442,8391
6330,17582,8361
6331,18217,8269
6332,17972,8302
6333,18018,8225
6334,18246,8266
6335,18339,8219
6336,18627,8275
6337,18558,8251
6338,18496,8271
6339,19040,8276
6340,19084,8310
6341,19801,8331
6342,19634,8304
6343,19690,8343
6344,19708,8366
6345,19804,8362
6346,20056,8336
6347,19967,8304
6348,19856,8373
6349,20237,8384
6350,20313,8460
6351,20956,8427
6352,20797,8474
6353,20645,8554
6354,20569,8575
6355,20759,8618
6356,21042,8670
6357,20908,8678
6358,20700,8732
6359,21157,8692
6360,20950,8842
6361,21461,8834
6362,21284,8820
6363,21163,8905
6364,20863,8957
6365,21008,9074
6366,21207,9032
6367,20909,9182
6368,20525,9235
6369,21026,9205
6370,20792,9197
6371,21154,9273
6372,20884,9351
6373,20591,9378
6374,20331,9420
6375,20490,9521
6376,20643,9520
6377,20463,9519
6378,20150,9535
6379,20415,9537
6380,20230,9575
6381,20693,9607
6382,20386,9670
6383,20205,9705
6384,19899,9653
6385,19984,9715
6386,20150,9763
6387,20046,9813
6388,19454,9830
6389,19755,9812
6390,19449,9850
6391,19645,9849
6392,19423,9860
6393,19216,9857
6394,18866,9934
6395,19019,9933
6396,19090,10005
6397,18949,10025
6398,18571,10009
6399,18603,10182
6400,18319,10120
6401,18394,10129
6402,18005,10239
6403,17836,10260
6404,17403,10290
6405,17460,10201
6406,17659,10176
6407,17569,10191
6408,17072,10207
6409,17149,10251
6410,16889,10299
6411,16944,10236
6412,16580,10267
6413,16329,10244
6414,16258,10162
6415,16308,10176
6416,16561,10234
6417,16448,10200
6418,16191,10139
6419,16454,10085
6420,16191,10101
6421,16311,10112
6422,16066,10101
6423,15813,10033
6424,15624,9997
6425,15838,9960
6426,16127,10014
6427,16192,9892
6428,15924,9839
6429,16364,9681
6430,16234,9748
6431,16481,9771
6432,16210,9717
6433,15868,9638
6434,15786,9526
6435,15960,9519
6436,16453,9431
6437,16400,9432
6438,16404,9343
6439,16662,9318
6440,16758,9326
6441,17032,9299
6442,16760,9203
6443,16591,9235
6444,16237,9253
6445,16712,9127
6446,17094,9167
6447,17081,9216
6448,16981,9102
6449,17239,9116
6450,17202,8985
6451,17415,8961
6452,17130,8912
6453,16919,8952
6454,16779,8914
6455,17060,8904
6456,17460,8852
6457,17576,8863
6458,17450,8752
6459,17855,8740
6460,17811,8646
6461,18049,8663
6462,17749,8634
6463,17488,8613
6464,17194,8627
6465,17569,8615
6466,18143,8555
6467,17960,8648
6468,17896,8612
6469,18211,8513
6470,18144,8522
6471,18153,8588
6472,17884,8547
6473,17623,8528
6474,17445,8481
6475,17788,8497
6476,18047,8517
6477,18137,8565
6478,17982,8652
6479,18314,8621
6480,18148,8602
6481,18239,8645
6482,17811,8724
6483,17678,8643
6484,17407,8621
6485,17892,8704
6486,18201,8704
6487,18243,8732
6488,18394,8673
6489,18740,8664
6490,18552,8734
6491,18558,8629
6492,18326,8752
6493,18126,8689
6494,18027,8574
6495,18469,8642
6496,18907,8649
6497,19097,8650
6498,19326,8651
6499,19651,8686
6500,19529,8728
6501,19539,8704
6502,19228,8755
6503,19117,8743
6504,19111,8683
6505,19512,8651
6506,19972,8699
6507,20205,8680
6508,20634,8667
6509,21013,8673
6510,20805,8636
6511,20880,8633
6512,20361,8623
6513,20468,8749
6514,20524,8649
6515,20872,8682
6516,21155,8687
6517,21552,8734
6518,21786,8797
6519,21975,8822
6520,21836,8758
6521,21899,8873
6522,21495,8894
6523,21530,8978
6524,21389,9004
6525,21654,9006
6526,21744,9130
6527,22227,9060
6528,22495,9098
6529,22681,9173
6530,22393,9100
6531,22525,9268
6532,22287,9215
6533,22383,9187
6534,22382,9156
6535,22466,9335
6536,22630,9283
6537,22954,9306
6538,23010,9276
6539,23153,9396
6540,22918,9375
6541,23161,9407
6542,22800,9417
6543,22601,9528
6544,22423,9591
6545,22553,9603
6546,22665,9625
6547,22642,9753
6548,22741,9879
6549,22990,9885
6550,22489,9958
6551,22949,9930
6552,22649,9991
6553,22618,9909
6554,22394,10066
6555,22425,10162
6556,22499,10162
6557,22662,10105
6558,22325,10215
6559,22656,10157
6560,22298,10268
6561,22559,10262
6562,22348,10327
6563,22086,10356
6564,21895,10324
6565,22144,10313
6566,22094,10430
6567,22068,10468
6568,21876,10428
6569,21955,10518
6570,21416,10549
6571,21674,10618
6572,21269,10691
6573,21073,10643
6574,20696,10766
6575,21034,10731
6576,20971,10756
6577,20797,10773
6578,20381,10841
6579,20405,10869
6580,19724,10902
6581,19857,10902
6582,19408,10921
6583,19153,10848
6584,18808,11020
6585,19026,11034
6586,19139,11088
6587,18822,11119
6588,18333,11080
6589,18287,11093
6590,17777,11048
6591,17677,11073
6592,17219,11090
6593,16872,10994
6594,16512,10987
6595,16447,11083
6596,16482,11011
6597,16148,11050
6598,15629,11022
6599,15597,11111
6600,15268,11003
6601,15197,11027
6602,14786,10950
6603,14414,10901
6604,14187,10833
6605,14203,10784
6606,14445,10674
6607,14184,10641
6608,13979,10547
6609,14072,10522
6610,14057,10446
6611,14122,10405
6612,13989,10320
6613,13456,10195
6614,13521,10128
6615,13707,10134
6616,13920,9965
6617,13953,9893
6618,13938,9791
6619,14299,9711
6620,14336,9696
6621,14554,9573
6622,14498,9502
6623,14078,9431
6624,14051,9374
6625,14285,9215
6626,14667,9230
6627,14822,9075
6628,14746,9084
6629,15198,9027
6630,15450,8871
6631,15665,8863
6632,15540,8781
6633,15111,8710
6634,15268,8629
6635,15323,8544
6636,15640,8508
6637,15731,8474
6638,15690,8482
6639,16106,8420
6640,16379,8380
6641,16593,8377
6642,16373,8365
6643,16210,8327
6644,16014,8250
6645,16301,8214
6646,16450,8126
6647,16461,8134
6648,16331,8138
6649,16643,8193
6650,16822,8063
6651,17041,8074
6652,16924,8046
6653,16424,8084
6654,16215,8029
6655,16452,8162
6656,16587,8086
6657,16527,8134
6658,16472,7994
6659,16871,8067
6660,17032,8010
6661,17141,8036
6662,17048,8090
6663,16764,7946
6664,16458,7992
6665,16779,7860
6666,17003,8037
6667,17041,8021
6668,17183,7931
6669,17669,7940
6670,17778,7946
6671,17930,7927
6672,17735,7901
6673,17504,7945
6674,17499,7979
6675,17705,7957
6676,17914,7918
6677,17855,7925
6678,18392,7850
6679,18803,7887
6680,18889,7944
6681,19082,7851
6682,18882,7805
6683,18587,7940
6684,18478,7816
6685,18690,7908
6686,18894,7982
6687,18962,7986
6688,19297,8019
6689,19683,7961
6690,19682,8138
6691,19742,8103
6692,19672,8127
6693,19152,8096
6694,18875,8199
6695,19117,8173
6696,19241,8326
6697,19285,8313
6698,19413,8403
6699,19870,8306
6700,19721,8379
6701,19778,8486
6702,19512,8538
6703,18965,8642
6704,18690,8658
6705,18785,8746
6706,18869,8690
6707,18998,8684
6708,19219,8614
6709,19449,8757
6710,19550,8758
6711,19454,8827
6712,19265,8797
6713,18869,8871
6714,18552,8864
6715,18805,8865
6716,18869,8879
6717,19125,8894
6718,19217,8898
6719,19498,9003
6720,19533,9021
6721,19672,8950
6722,19625,8922
6723,19122,8948
6724,18687,9066
6725,18908,9044
6726,18975,9147
6727,19224,9034
6728,19408,9011
6729,19618,9125
6730,19747,9168
6731,19871,9138
6732,19772,9166
6733,19472,9113
6734,18993,9103
6735,19214,9190
6736,19497,9133
6737,19695,9124
6738,19872,9177
6739,20279,9196
6740,20115,9220
6741,20478,9092
6742,20196,9176
6743,19812,9264
6744,19254,9347
6745,19478,9217
6746,19880,9299
6747,20101,9232
6748,20107,9270
6749,20388,9298
6750,20251,9317
6751,20521,9347
6752,20255,9371
6753,19760,9448
6754,19262,9459
6755,19408,9452
6756,19629,9442
6757,19945,9429
6758,19993,9436
6759,20431,9511
6760,20357,9480
6761,20644,9651
6762,20250,9613
6763,19776,9569
6764,19198,9602
6765,19116,9618
6766,19271,9660
6767,19598,9646
6768,19567,9631
6769,19856,9707
6770,19772,9780
6771,19919,9695
6772,19554,9707
6773,19085,9744
6774,18547,9766
6775,18340,9692
6776,18359,9736
6777,18462,9758
6778,18262,9811
6779,18495,9803
6780,18286,9823
6781,18543,9833
6782,18078,9929
6783,17760,9964
6784,17010,9881
6785,16628,9929
6786,16669,9940
6787,16839,9892
6788,16729,9900
6789,16986,9863
6790,16820,9851
6791,17175,9817
6792,16875,9828
6793,16608,9765
6794,16318,9706
6795,15971,9703
6796,16154,9688
6797,16252,9657
6798,16206,9643
6799,16556,9513
6800,16658,9476
6801,17262,9415
6802,17224,9423
6803,16899,9467
6804,16676,9289
6805,16576,9286
6806,16715,9234
6807,16772,9257
6808,16766,9175
6809,17032,9248
6810,17288,9204
6811,17671,9174
6812,17591,9206
6813,17298,9193
6814,16883,9189
6815,16669,9142
6816,16698,9173
6817,16839,9043
6818,16591,9185
6819,16954,9133
6820,17516,9046
6821,17852,9053
6822,17733,9088
6823,17397,9089
6824,16911,9044
6825,16759,8940
6826,16741,9027
6827,16703,8962
6828,16602,8978
6829,17049,8954
6830,17591,8898
6831,17909,8924
6832,17834,8858
6833,17652,8837
6834,17095,8820
6835,17023,8888
6836,17064,8835
6837,17087,8875
6838,16952,8770
6839,17576,8795
6840,18279,8759
6841,18507,8798
6842,18437,8757
6843,18190,8768
6844,17825,8737
6845,17650,8808
6846,17806,8735
6847,17681,8685
6848,17574,8696
6849,18267,8687
6850,18901,8715
6851,19316,8802
6852,19250,8711
6853,18962,8731
6854,18569,8728
6855,18382,8827
6856,18232,8844
6857,18041,8809
6858,18040,8810
6859,18730,8824
6860,19276,8821
6861,19452,8814
6862,19300,8770
6863,19120,8872
6864,18672,8795
6865,18649,8795
6866,18359,8728
6867,18367,8746
6868,18346,8772
6869,18824,8801
6870,19270,8841
6871,19546,8829
6872,19368,8857
6873,19136,8812
6874,18698,8882
6875,18709,8942
6876,18584,8921
6877,18265,8949
6878,18059,8860
6879,18876,8840
6880,19252,8880
6881,19325,8903
6882,19132,9019
6883,18786,8992
6884,18522,9034
6885,18739,9015
6886,18488,8973
6887,18399,8954
6888,18237,9078
6889,18561,8965
6890,18908,9034
6891,19064,8981
6892,18920,8967
6893,18606,9038
6894,18360,9024
6895,18576,9044
6896,18294,9082
6897,18176,9045
6898,18067,9021
6899,18384,9024
6900,18682,9098
6901,18758,9121
6902,18485,9134
6903,18239,9185
6904,17861,9188
6905,17883,9207
6906,17549,9239
6907,17564,9264
6908,17371,9241
6909,17577,9226
6910,17810,9153
6911,18002,9195
6912,17648,9273
6913,17398,9308
6914,17146,9220
6915,17150,9215
6916,16803,9221
6917,16909,9259
6918,17030,9210
6919,17343,9165
6920,17597,9260
6921,17741,9209
6922,17543,9199
6923,17251,9176
6924,17072,9179
6925,17073,9174
6926,16819,9178
6927,16995,9151
6928,16935,9076
6929,17190,9116
6930,17445,9112
6931,17425,9024
6932,17181,9117
6933,16983,9010
6934,16625,9049
6935,16628,9116
6936,16531,9096
6937,16561,9105
6938,16581,9117
6939,16772,9162
6940,16996,9188
6941,17143,9093
6942,16834,9070
6943,16709,9071
6944,16375,9055
6945,16618,8977
6946,16440,9011
6947,16666,9016
6948,16659,9050
6949,16812,8994
6950,17168,9086
6951,17271,8992
6952,17370,8975
6953,17066,8914
6954,16784,8968
6955,16807,8909
6956,16725,8990
6957,16845,8981
6958,16907,8980
6959,16957,8854
6960,17303,8869
6961,17532,8845
6962,17693,8927
6963,17457,8919
6964,17065,8894
6965,16907,8961
6966,16977,8874
6967,17019,8963
6968,17132,8870
6969,17238,8815
6970,17595,8861
6971,17874,8816
6972,18120,8906
6973,17966,8918
6974,17523,8881
6975,17330,8877
6976,17152,8921
6977,17328,8854
6978,17287,8858
6979,17272,8891
6980,17663,8807
6981,18012,8757
6982,18233,8757
6983,17941,8836
6984,17441,8768
6985,17305,8775
6986,17138,8801
6987,17092,8822
6988,17009,8806
6989,17078,8894
6990,17385,8882
6991,17844,8832
6992,17918,8812
6993,17689,8924
6994,17213,8850
6995,17006,8913
6996,17056,8810
6997,17095,8895
6998,17017,8897
6999,17106,8779
7000,17513,8849
7001,17942,8831
7002,18078,8820
7003,17919,8776
7004,17360,8799
7005,17376,8594
7006,17220,8710
7007,17285,8765
7008,17237,8705
7009,17482,8764
7010,17828,8812
7011,18290,8673
7012,18645,8711
7013,18541,8667
7014,18116,8701
7015,17883,8703
7016,17961,8709
7017,17995,8638
7018,17944,8688
7019,18270,8696
7020,18648,8790
7021,19074,8726
7022,19431,8740
7023,19278,8780
7024,18583,8853
7025,18522,8815
7026,18437,8865
7027,18360,8903
7028,18441,8905
7029,18765,8936
7030,19017,8959
7031,19376,8866
7032,19589,8888
7033,19409,8930
7034,19052,8939
7035,18836,8919
7036,18614,9035
7037,18542,9018
7038,18628,9051
7039,18840,9067
7040,19218,9060
7041,19549,9037
7042,19759,9103
7043,19662,9046
7044,19096,9083
7045,18957,9125
7046,18722,9191
7047,18399,9171
7048,18410,9198
7049,18600,9250
7050,18806,9168
7051,19285,9220
7052,19356,9287
7053,19206,9261
7054,18821,9355
7055,18491,9347
7056,18157,9379
7057,17888,9338
7058,17877,9327
7059,18154,9409
7060,18432,9392
7061,18671,9442
7062,18928,9451
7063,18871,9460
7064,18361,9379
7065,18248,9415
7066,17823,9528
7067,17716,9465
7068,17711,9496
7069,18005,9468
7070,18391,9467
7071,18681,9496
7072,18760,9507
7073,18668,9540
7074,18414,9509
7075,18189,9450
7076,17861,9522
7077,17636,9477
7078,17848,9466
7079,18240,9391
7080,18420,9399
7081,18610,9389
7082,18836,9378
7083,18846,9297
7084,18603,9367
7085,18583,9269
7086,18092,9405
7087,17935,9367
7088,18238,9367
7089,18512,9366
7090,18722,9291
7091,18867,9303
7092,19198,9317
7093,19001,9283
7094,18828,9335
7095,18786,9297
7096,18470,9287
7097,18319,9276
7098,18620,9271
7099,18698,9328
7100,18824,9369
7101,18981,9262
7102,19192,9249
7103,18926,9372
7104,18680,9376
7105,18373,9439
7106,17958,9415
7107,17855,9358
7108,18055,9348
7109,18059,9390
7110,18092,9474
7111,18082,9440
7112,18464,9423
7113,18232,9359
7114,17932,9368
7115,17732,9434
7116,17402,9389
7117,17274,9355
7118,17487,9494
7119,17440,9466
7120,17461,9397
7121,17507,9392
7122,17766,9374
7123,17464,9432
7124,17246,9486
7125,17151,9516
7126,16967,9444
7127,16897,9410
7128,17092,9423
7129,17318,9288
7130,17238,9262
7131,17320,9115
7132,17648,9254
7133,17464,9255
7134,17294,9236
7135,17127,9167
7136,17147,9126
7137,16981,9149
7138,17432,9136
7139,17587,9137
7140,17467,9119
7141,17590,9097
7142,17692,9197
7143,17624,9110
7144,17312,9113
7145,17178,9067
7146,17117,8938
7147,17257,8926
7148,17702,8940
7149,17858,8994
7150,17619,8931
7151,17659,9032
7152,17555,8934
7153,17446,9002
7154,17201,9014
7155,16865,8961
7156,16924,8995
7157,16937,8937
7158,17437,8956
7159,17433,9012
7160,17141,8964
7161,17145,8931
7162,17110,8874
7163,16889,8905
7164,16599,8910
7165,16306,8861
7166,16522,8924
7167,16733,8836
7168,16918,8892
7169,17004,8848
7170,16959,8801
7171,16957,8820
7172,17040,8874
7173,16725,8798
7174,16443,8913
7175,16406,8859
7176,16669,8778
7177,16893,8802
7178,17181,8883
7179,17313,8817
7180,17220,8854
7181,17098,8762
7182,17174,8747
7183,16995,8771
7184,16602,8777
7185,16596,8787
7186,16939,8717
7187,17082,8707
7188,17441,8732
7189,17413,8657
7190,17353,8674
7191,17359,8679
7192,17361,8650
7193,17438,8530
7194,17128,8582
7195,17057,8492
7196,17334,8508
7197,17490,8461
7198,17874,8455
7199,17906,8469
7200,17927,8462
7201,17848,8503
7202,18001,8550
7203,18140,8492
7204,17723,8491
7205,17712,8507
7206,17818,8495
7207,17868,8553
7208,18084,8543
7209,18166,8502
7210,18194,8529
7211,18227,8573
7212,18336,8551
7213,18466,8580
7214,18188,8584
7215,17984,8557
7216,18089,8544
7217,17873,8588
7218,17808,8706
7219,17864,8662
7220,18073,8643
7221,18225,8681
7222,18507,8768
7223,18656,8786
7224,18371,8785
7225,18211,8785
7226,18017,8780
7227,17865,8826
7228,18013,8738
7229,18064,8851
7230,18378,8761
7231,18670,8749
7232,18814,8768
7233,18904,8859
7234,18718,8836
7235,18470,8821
7236,18255,8848
7237,18066,8897
7238,18135,8819
7239,18380,8805
7240,18777,8833
7241,19062,8714
7242,19285,8869
7243,19578,8843
7244,19257,8804
7245,19087,8789
7246,18801,8797
7247,18482,8848
7248,18554,8916
7249,18844,8970
7250,19152,8892
7251,19498,8960
7252,19648,8940
7253,19753,8930
7254,19570,8975
7255,19343,8970
7256,19012,9018
7257,18853,8919
7258,18819,8934
7259,19281,8985
7260,19752,9023
7261,20081,9047
7262,20057,9027
7263,20167,9070
7264,19882,9086
7265,19625,9161
7266,19309,9248
7267,19046,9163
7268,18985,9294
7269,19552,9159
7270,19815,9210
7271,20022,9274
7272,19731,9356
7273,20069,9375
7274,19636,9397
7275,19382,9508
7276,18994,9458
7277,18876,9494
7278,18901,9422
7279,19315,9489
7280,19727,9432
7281,19959,9441
7282,19938,9467
7283,20134,9471
7284,19868,9458
7285,19891,9455
7286,19649,9388
7287,19383,9420
7288,19250,9458
7289,19902,9428
7290,20286,9404
7291,20399,9393
7292,20395,9444
7293,20503,9431
7294,20352,9542
7295,20292,9471
7296,19905,9547
7297,19387,9534
7298,19320,9592
7299,19885,9583
7300,19999,9628
7301,20251,9705
7302,20087,9652
7303,20019,9739
7304,19765,9685
7305,19777,9674
7306,19341,9708
7307,19041,9765
7308,18910,9770
7309,19405,9747
7310,19219,9786
7311,19407,9848
7312,19363,9903
7313,19060,9973
7314,18865,9901
7315,18676,9940
7316,18285,9957
7317,17933,9978
7318,17665,9898
7319,17950,9996
7320,17742,9983
7321,17723,10059
7322,17803,10077
7323,17551,10122
7324,17519,9952
7325,17235,9981
7326,17049,10046
7327,16747,9983
7328,16464,9990
7329,16694,10026
7330,16615,9882
7331,16664,9999
7332,16741,9915
7333,16720,10043
7334,16672,9902
7335,16687,9814
7336,16431,9865
7337,16269,9775
7338,16187,9616
7339,16513,9681
7340,16291,9559
7341,16447,9605
7342,16394,9589
7343,16409,9551
7344,16239,9568
7345,16318,9609
7346,16248,9533
7347,16166,9602
7348,15927,9533
7349,16111,9492
7350,15916,9413
7351,15979,9481
7352,15984,9378
7353,15734,9403
7354,15722,9348
7355,15701,9348
7356,15720,9344
7357,15667,9257
7358,15407,9294
7359,15466,9204
7360,15094,9290
7361,15114,9141
7362,15060,9181
7363,14764,9144
7364,14637,9189
7365,14490,9130
7366,14619,9121
7367,14725,9093
7368,14502,9095
7369,14645,9064
7370,14297,8999
7371,14181,9010
7372,14195,8975
7373,14012,8956
7374,13696,9003
7375,13773,8931
7376,14020,8856
7377,14167,8759
7378,14115,8811
7379,14154,8803
7380,13891,8776
7381,13911,8682
7382,13846,8707
7383,13733,8666
7384,13444,8581
7385,13495,8523
7386,13769,8495
7387,14125,8443
7388,14000,8357
7389,14077,8304
7390,13983,8234
7391,14122,8255
7392,14176,8165
7393,14292,8095
7394,14113,8074
7395,14058,8038
7396,14624,7901
7397,14941,7896
7398,15136,7777
7399,15250,7778
7400,15176,7721
7401,15404,7636
7402,15581,7638
7403,15750,7610
7404,15794,7592
7405,15993,7519
7406,16423,7580
7407,17063,7458
7408,17320,7433
7409,17421,7343
7410,17519,7343
7411,17927,7335
7412,18126,7192
7413,18377,7279
7414,18578,7199
7415,18606,7246
7416,19043,7161
7417,19660,7157
7418,19700,7249
7419,19834,7225
7420,20165,7204
7421,20325,7201
7422,20608,7235
7423,20884,7238
7424,21229,7260
7425,21356,7270
7426,21548,7335
7427,22015,7354
7428,22000,7416
7429,22205,7435
7430,22136,7553
7431,22161,7531
7432,22416,7605
7433,22622,7703
7434,22671,7753
7435,22721,7772
7436,22763,7899
7437,22995,7964
7438,22894,8015
7439,22880,8098
7440,22770,8094
7441,22718,8309
7442,22777,8298
7443,22821,8332
7444,22718,8444
7445,22521,8538
7446,22222,8565
7447,22387,8744
7448,22164,8753
7449,22232,8816
7450,21939,8922
7451,21887,9057
7452,21706,9128
7453,21676,9210
7454,21628,9213
7455,21260,9312
7456,20916,9379
7457,20989,9459
7458,20688,9434
7459,20902,9565
7460,20816,9609
7461,20615,9622
7462,20681,9670
7463,20797,9671
7464,20743,9687
7465,20599,9731
7466,20255,9772
7467,20416,9776
7468,19962,9769
7469,20374,9781
7470,20354,9678
7471,20375,9771
7472,20518,9806
7473,20948,9821
7474,20752,9819
7475,20611,9828
7476,20329,9827
7477,20299,9929
7478,19848,9991
7479,20398,9989
7480,20254,9955
7481,20545,9980
7482,20605,10064
7483,20716,10044
7484,20791,10019
7485,20597,10009
7486,20388,9957
7487,20412,10055
7488,19959,10042
7489,20424,10065
7490,20416,10060
7491,20481,10121
7492,20564,10096
7493,20584,10144
7494,20430,10161
7495,20051,10213
7496,19735,10194
7497,19780,10198
7498,19418,10226
7499,19876,10281
7500,19808,10324
7501,19856,10378
7502,19768,10364
7503,19756,10309
7504,19520,10423
7505,19186,10375
7506,19008,10316
7507,19014,10351
7508,18698,10364
7509,18980,10338
7510,18716,10334
7511,18755,10348
7512,18717,10334
7513,18799,10424
7514,18663,10341
7515,18364,10361
7516,18216,10380
7517,18219,10386
7518,17975,10303
7519,18267,10280
7520,18102,10203
7521,18030,10190
7522,17989,10110
7523,17923,10209
7524,17636,10215
7525,17300,10216
7526,17211,10171
7527,17189,10219
7528,17001,10105
7529,17278,10161
7530,17108,10039
7531,17204,10050
7532,16989,10087
7533,16977,10088
7534,16650,10000
7535,16475,9974
7536,16479,9929
7537,16548,9803
7538,16389,9775
7539,16869,9848
7540,16853,9738
7541,17012,9667
7542,16971,9679
7543,17039,9649
7544,16885,9623
7545,16651,9561
7546,16644,9548
7547,16764,9588
7548,16709,9546
7549,17249,9545
7550,17106,9466
7551,17251,9454
7552,17090,9381
7553,17178,9339
7554,16879,9403
7555,16608,9322
7556,16777,9329
7557,16593,9319
7558,16404,9223
7559,16699,9293
7560,16725,9238
7561,16829,9244
7562,16877,9125
7563,16729,9128
7564,16415,9071
7565,16246,9096
7566,16265,9079
7567,16111,9186
7568,15845,9204
7569,16192,9083
7570,16185,9074
7571,16389,9032
7572,16316,9035
7573,16149,8957
7574,15889,8979
7575,15732,8942
7576,15857,8899
7577,15755,8856
7578,15586,8847
7579,15904,8773
7580,16068,8697
7581,16151,8729
7582,16278,8690
7583,16217,8734
7584,15918,8662
7585,15901,8648
7586,15864,8562
7587,15873,8625
7588,15777,8524
7589,16030,8472
7590,16368,8483
7591,16663,8466
7592,16810,8472
7593,16817,8446
7594,16704,8339
7595,16492,8370
7596,16609,8252
7597,16506,8338
7598,16518,8244
7599,16798,8195
7600,17067,8251
7601,17375,8206
7602,17626,8131
7603,17796,8191
7604,17813,8092
7605,17717,8143
7606,17893,8007
7607,17784,8062
7608,17858,8108
7609,18119,8088
7610,18428,8083
7611,18595,8101
7612,18855,8044
7613,19095,8072
7614,19091,8053
7615,19020,8164
7616,18962,8187
7617,18973,8090
7618,18932,8168
7619,19237,8152
7620,19226,8199
7621,19596,8219
7622,19815,8194
7623,20132,8225
7624,20034,8212
7625,19935,8343
7626,19983,8330
7627,19957,8337
7628,19789,8294
7629,19944,8276
7630,20037,8332
7631,20124,8452
7632,20223,8426
7633,20646,8431
7634,20722,8482
7635,20538,8516
7636,20561,8495
7637,20478,8587
7638,20132,8618
7639,20304,8627
7640,20274,8645
7641,20378,8728
7642,20538,8710
7643,20952,8765
7644,21092,8701
7645,20956,8776
7646,20978,8728
7647,20873,8804
7648,20511,8852
7649,20625,8913
7650,20849,8798
7651,20994,8795
7652,21337,8835
7653,21777,8812
7654,21933,8890
7655,21973,8923
7656,21963,8934
7657,21770,9004
7658,21256,9023
7659,21466,9041
7660,21480,9041
7661,21537,9142
7662,21861,9137
7663,22070,9125
7664,22080,9256
7665,21876,9304
7666,21725,9253
7667,21497,9342
7668,20880,9391
7669,20907,9435
7670,20910,9343
7671,21076,9498
7672,21038,9603
7673,21243,9629
7674,20965,9636
7675,20806,9626
7676,20570,9628
7677,20265,9771
7678,19683,9797
7679,19610,9776
7680,19663,9834
7681,19642,9920
7682,19585,9934
7683,19671,9930
7684,19360,9893
7685,19001,10004
7686,18748,10054
7687,18389,10053
7688,17751,9976
7689,17442,10150
7690,17413,10218
7691,17487,10167
7692,17274,10078
7693,17243,10146
7694,16924,10134
7695,16511,10128
7696,16279,10121
7697,16003,10174
7698,15376,10212
7699,15199,10155
7700,15024,10116
7701,15049,10093
7702,14800,10157
7703,14946,10094
7704,14466,10113
7705,14158,10084
7706,13967,10057
7707,13663,10050
7708,13224,9951
7709,13143,9930
7710,13078,9946
7711,13167,9844
7712,13086,9718
7713,13153,9738
7714,13109,9661
7715,12842,9554
7716,12935,9528
7717,12849,9523
7718,12590,9460
7719,12768,9390
7720,12820,9304
7721,13063,9178
7722,13062,9032
7723,13220,8967
7724,13323,8928
7725,13258,8895
7726,13198,8847
7727,13271,8773
7728,13098,8675
7729,13271,8597
7730,13460,8550
7731,13803,8509
7732,13758,8409
7733,13977,8347
7734,14277,8249
7735,14255,8296
7736,14333,8242
7737,14440,8170
7738,14300,8073
7739,14654,7966
7740,15057,7971
7741,15338,7994
7742,15349,7788
7743,15468,7757
7744,15939,7815
7745,15911,7763
7746,16189,7642
7747,16196,7687
7748,16034,7603
7749,16340,7575
7750,16579,7500
7751,17113,7543
7752,17200,7386
7753,17393,7377
7754,18001,7365
7755,18230,7355
7756,18524,7366
7757,18513,7260
7758,18334,7301
7759,18705,7242
7760,18961,7219
7761,19366,7270
7762,19356,7229
7763,19581,7330
7764,20055,7258
7765,20078,7305
7766,20607,7335
7767,20378,7297
7768,20224,7307
7769,20491,7356
7770,20657,7393
7771,21141,7354
7772,21022,7368
7773,21171,7342
7774,21497,7436
7775,21817,7480
7776,21925,7522
7777,21914,7587
7778,21570,7612
7779,21942,7639
7780,22084,7751
7781,22399,7758
7782,22168,7774
7783,22035,7883
7784,22503,7947
7785,22500,7970
7786,22672,8124
7787,22320,8173
7788,21888,8253
7789,22026,8354
7790,22160,8353
7791,22237,8504
7792,21886,8528
7793,21791,8666
7794,21826,8767
7795,21787,8812
7796,21758,8966
7797,21512,8940
7798,21002,9037
7799,20998,9153
7800,21144,9247
7801,21212,9266
7802,21052,9307
7803,21027,9343
7804,20986,9385
7805,21005,9455
7806,20878,9528
7807,20581,9581
7808,20165,9560
7809,20055,9656
7810,20007,9655
7811,20269,9748
7812,20026,9749
7813,20062,9775
7814,20143,9857
7815,20123,9927
7816,20090,9875
7817,19762,9954
7818,19271,9923
7819,19029,9960
7820,19057,9947
7821,19257,10078
7822,19013,10041
7823,19227,10026
7824,19090,10140
7825,18917,10196
7826,18937,10234
7827,18585,10267
7828,18001,10260
7829,17656,10191
7830,17688,10175
7831,17913,10229
7832,17717,10234
7833,18047,10258
7834,18074,10220
7835,18052,10196
7836,17948,10187
7837,17848,10276
7838,17378,10280
7839,17055,10254
7840,17108,10223
7841,17274,10190
7842,17346,10147
7843,17791,10180
7844,17950,10139
7845,17741,10140
7846,17828,10100
7847,17662,10079
7848,17161,10040
7849,16711,10047
7850,16934,10033
7851,17101,9991
7852,17090,9945
7853,17717,10039
7854,17710,9992
7855,17712,9914
7856,17731,9907
7857,17462,9831
7858,16827,9847
7859,16545,9787
7860,16768,9831
7861,16908,9700
7862,17023,9700
7863,17762,9707
7864,17941,9754
7865,17822,9648
7866,17871,9618
7867,17671,9568
7868,17090,9593
7869,16928,9470
7870,17098,9485
7871,17368,9463
7872,17339,9432
7873,17900,9465
7874,18110,9467
7875,17786,9441
7876,17996,9367
7877,17813,9384
7878,17190,9318
7879,16850,9380
7880,17151,9296
7881,17333,9381
7882,17114,9312
7883,17510,9310
7884,17702,9298
7885,17425,9246
7886,17566,9172
7887,17274,9225
7888,16749,9172
7889,16441,9277
7890,16608,9190
7891,16645,9220
7892,16245,9194
7893,16649,9154
7894,16668,9250
7895,16310,9230
7896,16167,9233
7897,16043,9165
7898,15232,9189
7899,15143,9164
7900,15239,9150
7901,15366,9177
7902,14915,9157
7903,15109,9203
7904,15274,9208
7905,15113,9074
7906,14914,9119
7907,14735,9031
7908,14143,8986
7909,14042,8957
7910,14233,8952
7911,14089,8941
7912,13837,8863
7913,13998,8846
7914,14388,8787
7915,14298,8774
7916,14373,8683
7917,14224,8806
7918,13846,8795
7919,13580,8747
7920,13834,8673
7921,13960,8616
7922,13621,8510
7923,13791,8484
7924,14302,8450
7925,14357,8507
7926,14362,8401
7927,14301,8360
7928,14068,8285
7929,14007,8244
7930,14302,8163
7931,14183,8170
7932,14086,8120
7933,14294,8015
7934,14572,8148
7935,14964,8045
7936,15026,8041
7937,15150,8032
7938,14796,8031
7939,14786,7867
7940,15068,7872
7941,15147,7858
7942,14912,7870
7943,14990,7920
7944,15329,7822
7945,15723,7897
7946,15930,7770
7947,16007,7846
7948,15877,7787
7949,15894,7803
7950,16219,7747
7951,16344,7649
7952,16052,7663
7953,16235,7701
7954,16715,7816
7955,17052,7710
7956,17230,7790
7957,17603,7757
7958,17440,7687
7959,17509,7609
7960,17939,7626
7961,17962,7661
7962,17563,7624
7963,17877,7630
7964,18105,7626
7965,18634,7645
7966,18865,7597
7967,19201,7591
7968,19000,7642
7969,19141,7616
7970,19476,7661
7971,19633,7622
7972,19320,7616
7973,19571,7629
7974,19802,7617
7975,20275,7691
7976,20526,7679
7977,20745,7799
7978,20445,7748
7979,20530,7776
7980,20899,7962
7981,20949,7913
7982,20747,8034
7983,21097,7963
7984,21120,8040
7985,21300,8146
7986,21607,8107
7987,21846,8165
7988,21285,8224
7989,21268,8255
7990,21552,8269
7991,21896,8401
7992,21589,8415
7993,21914,8428
7994,22011,8379
7995,22191,8604
7996,22326,8547
7997,22430,8691
7998,22057,8666
7999,21885,8676
8000,22045,8773
